customer_id,full_name,customer_segment,loyalty_tier,age_group,country,preferred_channel,days_since_signup,customer_ltv_usd,total_bookings,flown_bookings,is_repeat_customer,no_show_rate,ancillary_attach_rate,avg_ticket_price_usd,avg_ancillary_usd,loyalty_balance,loyalty_redemption_rate,tier_upgrades,tier_downgrades,points_expiry_events,days_since_last_booking,last_booking_date,total_points_earned,total_points_redeemed,customer_label_ont,churn_risk_score,value_signal,loyalty_signal,recommended_action
CUST0116,Mariam Konan,Budget,None,55+,Ghana,Web,624,13381.359999999999,39,22,1,0.2051,0.7949,320.6502564102563,22.46153846153846,0,,0,0,0,340,2025-01-25,0,0,Dormant,60,Premium,Non inscrit — à recruter,Réactivation urgente — offre personnalisée sous 15j
CUST0287,Awa Konan,Budget,None,35-44,Nigeria,Mobile App,516,24893.07,48,37,1,0.0833,0.7917,499.3556249999999,19.25,0,,0,0,0,348,2025-01-17,0,0,Dormant,40,Premium,Non inscrit — à recruter,Réactivation urgente — offre personnalisée sous 15j
CUST0168,Fatou Mensah,Standard,Explorer,25-34,Nigeria,Corporate Desk,282,23119.1,45,32,1,0.0,0.7778,496.4244444444444,17.333333333333332,0,,0,0,0,339,2025-01-26,0,0,Dormant,40,Premium,En développement,Réactivation urgente — offre personnalisée sous 15j
CUST0144,Fatou Ouattara,Premium,Explorer,55+,Senegal,Travel Agency,40,23117.88,44,33,1,0.0909,0.7955,505.77000000000004,19.636363636363637,0,,0,0,0,349,2025-01-16,0,0,Dormant,40,Premium,En développement,Réactivation urgente — offre personnalisée sous 15j
CUST0172,Awa Amani,Standard,None,35-44,Benin,Mobile App,146,22813.33,48,39,1,0.0417,0.8542,453.0277083333333,22.25,0,,0,0,0,338,2025-01-27,0,0,Dormant,40,Premium,Non inscrit — à recruter,Réactivation urgente — offre personnalisée sous 15j
CUST0296,Mariam Kone,Standard,Explorer,45-54,France,Mobile App,476,22125.88,37,30,1,0.0811,0.7297,580.3210810810812,17.675675675675677,0,,0,0,0,341,2025-01-24,0,0,Dormant,40,Premium,En développement,Réactivation urgente — offre personnalisée sous 15j
CUST0007,Amadou Konan,Standard,Explorer,25-34,Nigeria,Corporate Desk,223,21803.680000000004,43,32,1,0.0465,0.8372,483.76000000000016,23.302325581395348,0,,0,0,0,351,2025-01-14,0,0,Dormant,40,Premium,En développement,Réactivation urgente — offre personnalisée sous 15j
CUST0233,Yao Diallo,Standard,Explorer,45-54,Ghana,Mobile App,486,21191.839999999997,42,38,1,0.0,0.8333,483.9961904761904,20.571428571428573,0,,0,0,0,343,2025-01-22,0,0,Dormant,40,Premium,En développement,Réactivation urgente — offre personnalisée sous 15j
CUST0090,Nadia Konan,Business,Gold,55+,Benin,Travel Agency,690,20928.84,48,38,1,0.0417,0.8333,417.3925,18.625,0,,0,0,0,345,2025-01-20,0,0,Dormant,40,Premium,Fidèle,Réactivation urgente — offre personnalisée sous 15j
CUST0145,Fatou Traore,Premium,Gold,35-44,France,Mobile App,258,20894.77,52,43,1,0.0385,0.8462,380.8225,21.0,0,,0,0,0,338,2025-01-27,0,0,Dormant,40,Premium,Fidèle,Réactivation urgente — offre personnalisée sous 15j
CUST0030,Yao Kone,Standard,Silver,25-34,France,Web,293,20877.46,44,35,1,0.0227,0.7727,457.0331818181818,17.454545454545453,0,,0,0,0,351,2025-01-14,0,0,Dormant,40,Premium,Fidèle,Réactivation urgente — offre personnalisée sous 15j
CUST0221,Jean Sow,Standard,None,45-54,Benin,Web,545,20692.009999999995,47,39,1,0.0426,0.8085,420.9789361702127,19.27659574468085,0,,0,0,0,346,2025-01-19,0,0,Dormant,40,Premium,Non inscrit — à recruter,Réactivation urgente — offre personnalisée sous 15j
CUST0263,Yao Diallo,Business,None,25-34,Côte d'Ivoire,Mobile App,634,20420.84,40,29,1,0.05,0.8,490.271,20.25,0,,0,0,0,346,2025-01-19,0,0,Dormant,40,Premium,Non inscrit — à recruter,Réactivation urgente — offre personnalisée sous 15j
CUST0094,Bintou Kone,Business,None,25-34,Nigeria,Web,185,20192.079999999998,50,42,1,0.02,0.82,383.8016,20.04,0,,0,0,0,350,2025-01-15,0,0,Dormant,40,Premium,Non inscrit — à recruter,Réactivation urgente — offre personnalisée sous 15j
CUST0197,Awa Sow,Standard,None,55+,France,Travel Agency,412,20157.590000000004,38,32,1,0.0,0.7632,511.04184210526324,19.42105263157895,0,,0,0,0,348,2025-01-17,0,0,Dormant,40,Premium,Non inscrit — à recruter,Réactivation urgente — offre personnalisée sous 15j
CUST0112,Didier Ouattara,Standard,Explorer,25-34,Senegal,Web,685,20153.95,50,39,1,0.04,0.88,379.079,24.0,0,,0,0,0,342,2025-01-23,0,0,Dormant,40,Premium,En développement,Réactivation urgente — offre personnalisée sous 15j
CUST0180,Didier Ouattara,Standard,None,55+,Côte d'Ivoire,Corporate Desk,46,19946.630000000005,39,30,1,0.0513,0.7949,490.0674358974361,21.384615384615383,0,,0,0,0,341,2025-01-24,0,0,Dormant,40,Premium,Non inscrit — à recruter,Réactivation urgente — offre personnalisée sous 15j
CUST0079,Awa Traore,Standard,Silver,55+,Côte d'Ivoire,Travel Agency,342,19938.73,52,41,1,0.0577,0.8846,362.2063461538462,21.23076923076923,0,,0,0,0,343,2025-01-22,0,0,Dormant,40,Premium,Fidèle,Réactivation urgente — offre personnalisée sous 15j
CUST0203,Koffi Sow,Standard,None,55+,Senegal,Corporate Desk,589,19931.21,45,36,1,0.0222,0.7333,424.38244444444445,18.533333333333335,0,,0,0,0,340,2025-01-25,0,0,Dormant,40,Premium,Non inscrit — à recruter,Réactivation urgente — offre personnalisée sous 15j
CUST0194,Fatou Kone,Budget,Silver,55+,Senegal,Mobile App,477,19910.519999999997,35,25,1,0.0857,0.7429,549.3291428571428,19.542857142857144,0,,0,0,0,348,2025-01-17,0,0,Dormant,40,Premium,Fidèle,Réactivation urgente — offre personnalisée sous 15j
CUST0001,Mariam Ouattara,Standard,Gold,55+,Senegal,Web,512,19884.61,41,35,1,0.0488,0.8293,464.79536585365855,20.195121951219512,0,,0,0,0,341,2025-01-24,0,0,Dormant,40,Premium,Fidèle,Réactivation urgente — offre personnalisée sous 15j
CUST0016,Koffi Traore,Budget,None,25-34,Nigeria,Travel Agency,381,19850.13,48,36,1,0.0625,0.8958,391.294375,22.25,0,,0,0,0,342,2025-01-23,0,0,Dormant,40,Premium,Non inscrit — à recruter,Réactivation urgente — offre personnalisée sous 15j
CUST0143,Nadia Kouassi,Business,Explorer,35-44,Benin,Web,79,19819.07,58,45,1,0.0517,0.7586,323.2943103448276,18.413793103448278,0,,0,0,0,339,2025-01-26,0,0,Dormant,40,Premium,En développement,Réactivation urgente — offre personnalisée sous 15j
CUST0012,Didier Diallo,Standard,Explorer,35-44,Nigeria,Mobile App,405,19798.499999999996,47,30,1,0.1064,0.8723,399.4148936170212,21.829787234042552,0,,0,0,0,337,2025-01-28,0,0,Dormant,40,Premium,En développement,Réactivation urgente — offre personnalisée sous 15j
CUST0223,Serge Sow,Standard,Silver,35-44,Benin,Mobile App,530,19768.16,49,41,1,0.0408,0.7755,384.2073469387755,19.224489795918366,0,,0,0,0,347,2025-01-18,0,0,Dormant,40,Premium,Fidèle,Réactivation urgente — offre personnalisée sous 15j
CUST0211,Awa Sow,Standard,Gold,25-34,Benin,Mobile App,38,19753.270000000004,50,40,1,0.04,0.76,374.06540000000007,21.0,0,,0,0,0,343,2025-01-22,0,0,Dormant,40,Premium,Fidèle,Réactivation urgente — offre personnalisée sous 15j
CUST0257,Nadia Kone,Budget,Explorer,45-54,Côte d'Ivoire,Corporate Desk,208,19724.28,49,37,1,0.0408,0.7551,380.985306122449,21.551020408163264,0,,0,0,0,339,2025-01-26,0,0,Dormant,40,Premium,En développement,Réactivation urgente — offre personnalisée sous 15j
CUST0227,Yao Kone,Standard,Gold,55+,Senegal,Web,281,19626.68,51,43,1,0.0392,0.9216,361.7780392156863,23.058823529411764,0,,0,0,0,349,2025-01-16,0,0,Dormant,40,Premium,Fidèle,Réactivation urgente — offre personnalisée sous 15j
CUST0035,Mariam Mensah,Standard,Explorer,25-34,Côte d'Ivoire,Corporate Desk,204,19560.310000000005,45,29,1,0.0444,0.7556,418.40688888888883,16.266666666666666,0,,0,0,0,343,2025-01-22,0,0,Dormant,40,Premium,En développement,Réactivation urgente — offre personnalisée sous 15j
CUST0198,Awa Konan,Standard,Silver,45-54,France,Travel Agency,626,19419.809999999998,41,34,1,0.0488,0.878,451.7026829268292,21.951219512195124,0,,0,0,0,348,2025-01-17,0,0,Dormant,40,Premium,Fidèle,Réactivation urgente — offre personnalisée sous 15j
CUST0185,Jean Diallo,Standard,Explorer,45-54,France,Travel Agency,384,19376.080000000005,49,37,1,0.0612,0.7347,378.8995918367348,16.53061224489796,0,,0,0,0,339,2025-01-26,0,0,Dormant,40,Premium,En développement,Réactivation urgente — offre personnalisée sous 15j
CUST0232,Yao Ouattara,Standard,None,25-34,France,Travel Agency,706,19337.930000000004,39,35,1,0.0256,0.7692,476.3058974358975,19.53846153846154,0,,0,0,0,341,2025-01-24,0,0,Dormant,40,Premium,Non inscrit — à recruter,Réactivation urgente — offre personnalisée sous 15j
CUST0212,Jean Amani,Business,Explorer,45-54,Nigeria,Travel Agency,245,19330.089999999997,39,32,1,0.0,0.7179,476.87410256410254,18.76923076923077,0,,0,0,0,341,2025-01-24,0,0,Dormant,40,Premium,En développement,Réactivation urgente — offre personnalisée sous 15j
CUST0261,Nadia Diallo,Business,None,35-44,Senegal,Web,273,19293.960000000003,40,34,1,0.025,0.775,460.14900000000006,22.2,0,,0,0,0,338,2025-01-27,0,0,Dormant,40,Premium,Non inscrit — à recruter,Réactivation urgente — offre personnalisée sous 15j
CUST0282,Serge Ouattara,Business,Explorer,25-34,Senegal,Travel Agency,563,19025.86,45,31,1,0.0889,0.8444,401.9968888888888,20.8,0,,0,0,0,339,2025-01-26,0,0,Dormant,40,Premium,En développement,Réactivation urgente — offre personnalisée sous 15j
CUST0107,Didier Mensah,Standard,None,45-54,Senegal,Mobile App,213,19009.769999999997,45,31,1,0.0,0.8222,403.63933333333324,18.8,0,,0,0,0,338,2025-01-27,0,0,Dormant,40,Premium,Non inscrit — à recruter,Réactivation urgente — offre personnalisée sous 15j
CUST0165,Aminata Traore,Budget,Silver,45-54,Côte d'Ivoire,Corporate Desk,483,18958.97,53,44,1,0.0,0.7358,340.73528301886796,16.9811320754717,0,,0,0,0,349,2025-01-16,0,0,Dormant,40,Premium,Fidèle,Réactivation urgente — offre personnalisée sous 15j
CUST0122,Bintou Konan,Business,Explorer,25-34,Nigeria,Web,132,18953.480000000003,40,35,1,0.025,0.9,452.0870000000001,21.75,0,,0,0,0,340,2025-01-25,0,0,Dormant,40,Premium,En développement,Réactivation urgente — offre personnalisée sous 15j
CUST0167,Aminata Mensah,Business,Silver,55+,Nigeria,Web,98,18842.87,45,33,1,0.0222,0.8444,398.7304444444444,20.0,0,,0,0,0,347,2025-01-18,0,0,Dormant,40,Premium,Fidèle,Réactivation urgente — offre personnalisée sous 15j
CUST0236,Bintou Traore,Standard,Explorer,35-44,Benin,Mobile App,643,18758.249999999993,42,30,1,0.0476,0.9286,424.625,22.0,0,,0,0,0,337,2025-01-28,0,0,Dormant,40,Premium,En développement,Réactivation urgente — offre personnalisée sous 15j
CUST0273,Koffi Diallo,Standard,Gold,25-34,Côte d'Ivoire,Web,106,18623.780000000002,41,36,1,0.0488,0.8049,432.1409756097561,22.097560975609756,0,,0,0,0,345,2025-01-20,0,0,Dormant,40,Premium,Fidèle,Réactivation urgente — offre personnalisée sous 15j
CUST0214,Fatou Ndiaye,Standard,Explorer,35-44,Nigeria,Corporate Desk,370,18576.29,44,28,1,0.1136,0.7955,400.6429545454545,21.545454545454547,0,,0,0,0,350,2025-01-15,0,0,Dormant,40,Premium,En développement,Réactivation urgente — offre personnalisée sous 15j
CUST0018,Koffi Mensah,Standard,Silver,45-54,Benin,Mobile App,394,18510.670000000002,47,39,1,0.0426,0.766,373.5461702127659,20.29787234042553,0,,0,0,0,341,2025-01-24,0,0,Dormant,40,Premium,Fidèle,Réactivation urgente — offre personnalisée sous 15j
CUST0156,Awa Kouassi,Standard,Silver,45-54,Ghana,Mobile App,164,18422.03,43,31,1,0.1163,0.8372,406.3727906976745,22.046511627906977,0,,0,0,0,343,2025-01-22,0,0,Dormant,40,Premium,Fidèle,Réactivation urgente — offre personnalisée sous 15j
CUST0220,Bintou Traore,Business,Explorer,35-44,Benin,Travel Agency,618,18374.260000000002,41,27,1,0.0732,0.878,426.2014634146342,21.951219512195124,0,,0,0,0,337,2025-01-28,0,0,Dormant,40,Premium,En développement,Réactivation urgente — offre personnalisée sous 15j
CUST0277,Awa Sow,Standard,None,45-54,Benin,Mobile App,488,18307.49,34,26,1,0.0294,0.8529,516.5732352941177,21.88235294117647,0,,0,0,0,340,2025-01-25,0,0,Dormant,40,Premium,Non inscrit — à recruter,Réactivation urgente — offre personnalisée sous 15j
CUST0097,Koffi Ouattara,Budget,None,25-34,Côte d'Ivoire,Web,325,18249.88,47,38,1,0.0213,0.8298,366.72085106382974,21.574468085106382,0,,0,0,0,345,2025-01-20,0,0,Dormant,40,Premium,Non inscrit — à recruter,Réactivation urgente — offre personnalisée sous 15j
CUST0226,Didier Amani,Budget,Explorer,45-54,Benin,Web,135,18195.989999999994,46,31,1,0.0435,0.8261,375.73891304347814,19.82608695652174,0,,0,0,0,350,2025-01-15,0,0,Dormant,40,Premium,En développement,Réactivation urgente — offre personnalisée sous 15j
CUST0055,Nadia Mensah,Budget,Explorer,45-54,France,Mobile App,363,18153.42,47,38,1,0.0,0.7872,365.9451063829787,20.29787234042553,0,,0,0,0,338,2025-01-27,0,0,Dormant,40,Premium,En développement,Réactivation urgente — offre personnalisée sous 15j
CUST0137,Yao Traore,Budget,Explorer,35-44,Senegal,Mobile App,284,18140.239999999994,49,42,1,0.0204,0.8367,350.98448979591825,19.224489795918366,0,,0,0,0,339,2025-01-26,0,0,Dormant,40,Premium,En développement,Réactivation urgente — offre personnalisée sous 15j
CUST0139,Aminata Ndiaye,Standard,None,45-54,Ghana,Corporate Desk,631,18139.170000000002,46,35,1,0.0217,0.8696,375.0254347826087,19.304347826086957,0,,0,0,0,347,2025-01-18,0,0,Dormant,40,Premium,Non inscrit — à recruter,Réactivation urgente — offre personnalisée sous 15j
CUST0113,Awa Ndiaye,Standard,Explorer,35-44,Côte d'Ivoire,Mobile App,423,18047.699999999997,48,39,1,0.0417,0.8125,357.6187499999999,18.375,0,,0,0,0,342,2025-01-23,0,0,Dormant,40,Premium,En développement,Réactivation urgente — offre personnalisée sous 15j
CUST0089,Fatou Ndiaye,Premium,Explorer,35-44,Ghana,Web,495,18031.769999999997,48,36,1,0.0417,0.875,353.41187499999995,22.25,0,,0,0,0,345,2025-01-20,0,0,Dormant,40,Premium,En développement,Réactivation urgente — offre personnalisée sous 15j
CUST0013,Bintou Ndiaye,Standard,Explorer,25-34,Benin,Corporate Desk,238,18030.16,37,28,1,0.0811,0.8108,465.5718918918919,21.72972972972973,0,,0,0,0,344,2025-01-21,0,0,Dormant,40,Premium,En développement,Réactivation urgente — offre personnalisée sous 15j
CUST0034,Jean Sow,Premium,None,25-34,Nigeria,Travel Agency,460,18000.9,45,32,1,0.0222,0.9111,377.8866666666666,22.133333333333333,0,,0,0,0,341,2025-01-24,0,0,Dormant,40,Premium,Non inscrit — à recruter,Réactivation urgente — offre personnalisée sous 15j
CUST0108,Jean Konan,Business,Gold,45-54,Senegal,Travel Agency,559,17938.829999999998,41,32,1,0.0244,0.7805,417.3373170731707,20.195121951219512,0,,0,0,0,341,2025-01-24,0,0,Dormant,40,Premium,Fidèle,Réactivation urgente — offre personnalisée sous 15j
CUST0028,Yao Mensah,Business,Gold,45-54,Ghana,Travel Agency,278,17870.45,41,30,1,0.0244,0.878,413.76707317073163,22.097560975609756,0,,0,0,0,338,2025-01-27,0,0,Dormant,40,Premium,Fidèle,Réactivation urgente — offre personnalisée sous 15j
CUST0008,Koffi Mensah,Standard,Explorer,55+,Côte d'Ivoire,Corporate Desk,34,17714.960000000003,43,32,1,0.1163,0.8605,392.99906976744194,18.976744186046513,0,,0,0,0,340,2025-01-25,0,0,Dormant,40,Premium,En développement,Réactivation urgente — offre personnalisée sous 15j
CUST0150,Awa Kouassi,Standard,Gold,35-44,Benin,Corporate Desk,541,17691.66,39,34,1,0.0,0.8974,432.2476923076924,21.384615384615383,0,,0,0,0,345,2025-01-20,0,0,Dormant,40,Premium,Fidèle,Réactivation urgente — offre personnalisée sous 15j
CUST0058,Jean Amani,Premium,None,45-54,Côte d'Ivoire,Web,350,17689.130000000005,45,32,1,0.0444,0.8222,370.82511111111114,22.266666666666666,0,,0,0,0,339,2025-01-26,0,0,Dormant,40,Premium,Non inscrit — à recruter,Réactivation urgente — offre personnalisée sous 15j
CUST0098,Didier Amani,Standard,Gold,45-54,France,Corporate Desk,620,17661.460000000003,39,31,1,0.0769,0.7692,435.93487179487187,16.923076923076923,0,,0,0,0,341,2025-01-24,0,0,Dormant,40,Premium,Fidèle,Réactivation urgente — offre personnalisée sous 15j
CUST0181,Nadia Diallo,Budget,None,45-54,Ghana,Web,371,17651.540000000005,47,42,1,0.0213,0.8298,353.0965957446809,22.46808510638298,0,,0,0,0,340,2025-01-25,0,0,Dormant,40,Premium,Non inscrit — à recruter,Réactivation urgente — offre personnalisée sous 15j
CUST0131,Koffi Kone,Premium,Gold,35-44,Benin,Corporate Desk,643,17614.47,40,29,1,0.025,0.925,417.7117500000001,22.65,0,,0,0,0,343,2025-01-22,0,0,Corporate High-Value,40,Premium,Fidèle,Offre corporate dédiée — account manager
CUST0092,Aminata Ndiaye,Budget,None,45-54,Côte d'Ivoire,Web,470,17596.429999999997,36,30,1,0.0278,0.8611,467.2897222222222,21.5,0,,0,0,0,346,2025-01-19,0,0,Dormant,40,Premium,Non inscrit — à recruter,Réactivation urgente — offre personnalisée sous 15j
CUST0073,Serge Mensah,Budget,None,55+,Nigeria,Travel Agency,297,17581.739999999998,38,22,1,0.0789,0.7632,446.2563157894737,16.42105263157895,0,,0,0,0,351,2025-01-14,0,0,Dormant,40,Premium,Non inscrit — à recruter,Réactivation urgente — offre personnalisée sous 15j
CUST0051,Fatou Kouassi,Standard,Explorer,45-54,Côte d'Ivoire,Travel Agency,241,17526.210000000003,35,29,1,0.0857,0.8857,479.49171428571435,21.257142857142856,0,,0,0,0,346,2025-01-19,0,0,Dormant,40,Premium,En développement,Réactivation urgente — offre personnalisée sous 15j
CUST0176,Serge Mensah,Standard,Gold,35-44,Ghana,Travel Agency,226,17433.52,43,36,1,0.0233,0.7442,386.59348837209296,18.837209302325583,0,,0,0,0,343,2025-01-22,0,0,Dormant,40,Premium,Fidèle,Réactivation urgente — offre personnalisée sous 15j
CUST0066,Amadou Sow,Standard,Explorer,35-44,Nigeria,Mobile App,363,17398.62,33,26,1,0.0303,0.7879,507.7763636363636,19.454545454545453,0,,0,0,0,338,2025-01-27,0,0,Dormant,40,Premium,En développement,Réactivation urgente — offre personnalisée sous 15j
CUST0234,Jean Kouassi,Standard,Explorer,35-44,Senegal,Mobile App,522,17378.469999999998,38,29,1,0.0,0.7632,437.7492105263157,19.57894736842105,0,,0,0,0,340,2025-01-25,0,0,Dormant,40,Premium,En développement,Réactivation urgente — offre personnalisée sous 15j
CUST0152,Nadia Kouassi,Standard,None,25-34,Ghana,Corporate Desk,589,17352.64,52,44,1,0.0577,0.8462,310.28153846153845,23.423076923076923,0,,0,0,0,343,2025-01-22,0,0,Dormant,40,Premium,Non inscrit — à recruter,Réactivation urgente — offre personnalisée sous 15j
CUST0059,Amadou Ndiaye,Business,None,35-44,Nigeria,Travel Agency,679,17321.89,34,29,1,0.0294,0.8235,490.7614705882353,18.705882352941178,0,,0,0,0,352,2025-01-13,0,0,Dormant,40,Premium,Non inscrit — à recruter,Réactivation urgente — offre personnalisée sous 15j
CUST0189,Koffi Mensah,Premium,None,35-44,Senegal,Corporate Desk,435,17318.66,40,30,1,0.025,0.775,411.9665,21.0,0,,0,0,0,344,2025-01-21,0,0,Corporate High-Value,40,Premium,Non inscrit — à recruter,Offre corporate dédiée — account manager
CUST0093,Serge Kouassi,Budget,None,35-44,France,Web,523,17294.25,45,35,1,0.0444,0.8,365.25,19.066666666666666,0,,0,0,0,345,2025-01-20,0,0,Dormant,40,Premium,Non inscrit — à recruter,Réactivation urgente — offre personnalisée sous 15j
CUST0231,Jean Traore,Business,Gold,25-34,France,Travel Agency,299,17117.65,39,28,1,0.0256,0.7949,420.9141025641026,18.0,0,,0,0,0,341,2025-01-24,0,0,Dormant,40,Premium,Fidèle,Réactivation urgente — offre personnalisée sous 15j
CUST0067,Bintou Sow,Standard,Explorer,55+,Benin,Web,412,17108.660000000003,36,29,1,0.0,0.8333,455.573888888889,19.666666666666668,0,,0,0,0,337,2025-01-28,0,0,Dormant,40,Premium,En développement,Réactivation urgente — offre personnalisée sous 15j
CUST0288,Koffi Amani,Business,Explorer,25-34,France,Mobile App,393,17042.59,36,27,1,0.0556,0.8333,450.73861111111114,22.666666666666668,0,,0,0,0,342,2025-01-23,0,0,Dormant,40,Premium,En développement,Réactivation urgente — offre personnalisée sous 15j
CUST0157,Amadou Amani,Standard,Silver,35-44,Senegal,Travel Agency,318,17010.560000000005,44,33,1,0.0455,0.8182,363.4218181818182,23.181818181818183,0,,0,0,0,340,2025-01-25,0,0,Dormant,40,Premium,Fidèle,Réactivation urgente — offre personnalisée sous 15j
CUST0242,Aminata Ndiaye,Premium,Gold,55+,Nigeria,Web,132,16989.41,39,31,1,0.0,0.8718,414.241282051282,21.384615384615383,0,,0,0,0,341,2025-01-24,0,0,Dormant,40,Premium,Fidèle,Réactivation urgente — offre personnalisée sous 15j
CUST0003,Didier Ouattara,Standard,None,45-54,France,Travel Agency,611,16923.59,39,30,1,0.1026,0.7949,415.16897435897437,18.76923076923077,0,,0,0,0,345,2025-01-20,0,0,Dormant,40,Premium,Non inscrit — à recruter,Réactivation urgente — offre personnalisée sous 15j
CUST0070,Bintou Konan,Standard,None,45-54,Côte d'Ivoire,Travel Agency,600,16876.91,42,27,1,0.0238,0.6905,385.8311904761905,16.0,0,,0,0,0,339,2025-01-26,0,0,Dormant,40,Premium,Non inscrit — à recruter,Réactivation urgente — offre personnalisée sous 15j
CUST0114,Jean Ndiaye,Business,Explorer,45-54,Ghana,Mobile App,666,16847.78,41,32,1,0.0,0.9024,386.189756097561,24.73170731707317,0,,0,0,0,343,2025-01-22,0,0,Dormant,40,Premium,En développement,Réactivation urgente — offre personnalisée sous 15j
CUST0297,Aminata Ndiaye,Business,Silver,45-54,Senegal,Corporate Desk,684,16831.239999999998,45,33,1,0.0444,0.8222,351.8942222222222,22.133333333333333,0,,0,0,0,349,2025-01-16,0,0,Corporate High-Value,40,Premium,Fidèle,Offre corporate dédiée — account manager
CUST0279,Serge Amani,Business,Gold,25-34,Côte d'Ivoire,Mobile App,577,16772.17,44,35,1,0.0682,0.8182,361.8220454545454,19.363636363636363,0,,0,0,0,343,2025-01-22,0,0,Dormant,40,Premium,Fidèle,Réactivation urgente — offre personnalisée sous 15j
CUST0062,Awa Sow,Standard,None,45-54,Nigeria,Travel Agency,63,16766.619999999995,40,24,1,0.025,0.85,396.66549999999995,22.5,0,,0,0,0,351,2025-01-14,0,0,Dormant,40,Premium,Non inscrit — à recruter,Réactivation urgente — offre personnalisée sous 15j
CUST0026,Mariam Sow,Business,Explorer,25-34,France,Mobile App,578,16709.96,51,38,1,0.0588,0.8235,309.0580392156863,18.58823529411765,0,,0,0,0,340,2025-01-25,0,0,Dormant,40,Premium,En développement,Réactivation urgente — offre personnalisée sous 15j
CUST0045,Bintou Kouassi,Business,None,25-34,Senegal,Web,131,16688.36,40,34,1,0.025,0.8,396.509,20.7,0,,0,0,0,351,2025-01-14,0,0,Dormant,40,Premium,Non inscrit — à recruter,Réactivation urgente — offre personnalisée sous 15j
CUST0265,Aminata Traore,Standard,Gold,45-54,Nigeria,Web,204,16655.94,39,29,1,0.0769,0.7949,406.9215384615384,20.153846153846153,0,,0,0,0,353,2025-01-12,0,0,Dormant,40,Premium,Fidèle,Réactivation urgente — offre personnalisée sous 15j
CUST0243,Aminata Traore,Business,None,35-44,Ghana,Mobile App,328,16639.820000000003,48,43,1,0.0208,0.7917,325.2879166666667,21.375,0,,0,0,0,343,2025-01-22,0,0,Dormant,40,Premium,Non inscrit — à recruter,Réactivation urgente — offre personnalisée sous 15j
CUST0135,Fatou Ndiaye,Standard,None,45-54,Senegal,Travel Agency,490,16569.91,40,28,1,0.05,0.775,392.9477499999999,21.3,0,,0,0,0,340,2025-01-25,0,0,Dormant,40,Premium,Non inscrit — à recruter,Réactivation urgente — offre personnalisée sous 15j
CUST0120,Aminata Sow,Budget,Explorer,25-34,Senegal,Travel Agency,558,16541.060000000005,50,38,1,0.0,0.9,308.3812000000001,22.44,0,,0,0,0,349,2025-01-16,0,0,Dormant,40,Premium,En développement,Réactivation urgente — offre personnalisée sous 15j
CUST0005,Nadia Ndiaye,Business,None,35-44,Senegal,Travel Agency,143,16498.780000000002,37,31,1,0.027,0.8649,425.64270270270276,20.27027027027027,0,,0,0,0,343,2025-01-22,0,0,Dormant,40,Premium,Non inscrit — à recruter,Réactivation urgente — offre personnalisée sous 15j
CUST0099,Yao Mensah,Standard,Explorer,55+,Nigeria,Mobile App,643,16467.14,45,36,1,0.0667,0.8222,343.80311111111104,22.133333333333333,0,,0,0,0,352,2025-01-13,0,0,Dormant,40,Premium,En développement,Réactivation urgente — offre personnalisée sous 15j
CUST0106,Mariam Kone,Budget,Explorer,45-54,Ghana,Mobile App,473,16392.84,33,30,1,0.0,0.9091,469.66181818181815,27.09090909090909,0,,0,0,0,350,2025-01-15,0,0,Dormant,40,Premium,En développement,Réactivation urgente — offre personnalisée sous 15j
CUST0238,Mariam Ouattara,Business,Gold,35-44,Senegal,Travel Agency,596,16384.649999999998,44,31,1,0.0227,0.8409,349.19659090909084,23.181818181818183,0,,0,0,0,351,2025-01-14,0,0,Dormant,40,Premium,Fidèle,Réactivation urgente — offre personnalisée sous 15j
CUST0164,Amadou Sow,Business,Explorer,55+,Nigeria,Web,294,16368.2,38,31,1,0.0526,0.8421,410.5315789473684,20.210526315789473,0,,0,0,0,343,2025-01-22,0,0,Dormant,40,Premium,En développement,Réactivation urgente — offre personnalisée sous 15j
CUST0117,Bintou Kouassi,Business,None,25-34,France,Web,415,16354.509999999998,45,39,1,0.0222,0.7778,345.4335555555555,18.0,0,,0,0,0,341,2025-01-24,0,0,Dormant,40,Premium,Non inscrit — à recruter,Réactivation urgente — offre personnalisée sous 15j
CUST0133,Bintou Ndiaye,Business,Explorer,35-44,Ghana,Travel Agency,164,16339.0,39,34,1,0.0256,0.8974,397.87179487179486,21.076923076923077,0,,0,0,0,343,2025-01-22,0,0,Dormant,40,Premium,En développement,Réactivation urgente — offre personnalisée sous 15j
CUST0241,Mariam Ouattara,Standard,None,25-34,Senegal,Travel Agency,222,16329.21,41,29,1,0.0488,0.8537,377.3465853658536,20.926829268292682,0,,0,0,0,339,2025-01-26,0,0,Dormant,40,Premium,Non inscrit — à recruter,Réactivation urgente — offre personnalisée sous 15j
CUST0065,Jean Sow,Business,None,35-44,Ghana,Corporate Desk,711,16323.439999999999,37,27,1,0.0811,0.8649,419.60648648648646,21.56756756756757,0,,0,0,0,342,2025-01-23,0,0,Corporate High-Value,40,Premium,Non inscrit — à recruter,Offre corporate dédiée — account manager
CUST0033,Amadou Kouassi,Budget,Explorer,35-44,Senegal,Web,280,16313.380000000003,40,35,1,0.025,0.9,384.88450000000006,22.95,0,,0,0,0,345,2025-01-20,0,0,Dormant,40,Premium,En développement,Réactivation urgente — offre personnalisée sous 15j
CUST0283,Serge Konan,Business,None,55+,Ghana,Web,218,16297.570000000002,38,30,1,0.1316,0.7895,408.83078947368426,20.05263157894737,0,,0,0,0,340,2025-01-25,0,0,Dormant,40,Premium,Non inscrit — à recruter,Réactivation urgente — offre personnalisée sous 15j
CUST0253,Yao Traore,Business,None,55+,Benin,Mobile App,541,16208.52,42,32,1,0.0238,0.7857,365.63142857142856,20.285714285714285,0,,0,0,0,341,2025-01-24,0,0,Dormant,40,Premium,Non inscrit — à recruter,Réactivation urgente — offre personnalisée sous 15j
CUST0054,Nadia Kone,Premium,None,25-34,Nigeria,Web,262,16129.919999999998,43,31,1,0.0233,0.814,356.41674418604646,18.697674418604652,0,,0,0,0,336,2025-01-29,0,0,Dormant,40,Premium,Non inscrit — à recruter,Réactivation urgente — offre personnalisée sous 15j
CUST0052,Didier Kouassi,Business,None,45-54,Côte d'Ivoire,Mobile App,150,16123.310000000001,37,28,1,0.0541,0.8378,415.4948648648649,20.27027027027027,0,,0,0,0,345,2025-01-20,0,0,Dormant,40,Premium,Non inscrit — à recruter,Réactivation urgente — offre personnalisée sous 15j
CUST0250,Yao Traore,Standard,Explorer,25-34,Senegal,Mobile App,435,16073.879999999996,42,29,1,0.0238,0.7143,363.5685714285713,19.142857142857142,0,,0,0,0,337,2025-01-28,0,0,Dormant,40,Premium,En développement,Réactivation urgente — offre personnalisée sous 15j
CUST0280,Awa Kone,Premium,Explorer,25-34,Ghana,Travel Agency,584,16047.369999999999,33,27,1,0.0303,0.7879,465.73848484848486,20.545454545454547,0,,0,0,0,346,2025-01-19,0,0,Dormant,40,Premium,En développement,Réactivation urgente — offre personnalisée sous 15j
CUST0027,Nadia Ndiaye,Business,None,25-34,Ghana,Web,158,16027.799999999997,36,27,1,0.0,0.6944,427.38333333333327,17.833333333333332,0,,0,0,0,345,2025-01-20,0,0,Dormant,40,Premium,Non inscrit — à recruter,Réactivation urgente — offre personnalisée sous 15j
CUST0031,Aminata Mensah,Budget,Gold,45-54,Ghana,Mobile App,253,16005.710000000003,43,29,1,0.0465,0.814,353.94674418604654,18.27906976744186,0,,0,0,0,350,2025-01-15,0,0,Dormant,40,Premium,Fidèle,Réactivation urgente — offre personnalisée sous 15j
CUST0209,Yao Sow,Business,None,35-44,Ghana,Travel Agency,161,15983.56,38,28,1,0.0263,0.7632,399.62,21.0,0,,0,0,0,342,2025-01-23,0,0,Dormant,40,Premium,Non inscrit — à recruter,Réactivation urgente — offre personnalisée sous 15j
CUST0014,Yao Traore,Standard,None,25-34,Côte d'Ivoire,Mobile App,151,15916.619999999999,36,28,1,0.0278,0.8611,421.12833333333333,21.0,0,,0,0,0,350,2025-01-15,0,0,Dormant,40,Premium,Non inscrit — à recruter,Réactivation urgente — offre personnalisée sous 15j
CUST0115,Fatou Ouattara,Standard,Explorer,55+,Benin,Corporate Desk,115,15887.729999999998,43,34,1,0.0698,0.6744,352.87744186046507,16.6046511627907,0,,0,0,0,344,2025-01-21,0,0,Dormant,40,Premium,En développement,Réactivation urgente — offre personnalisée sous 15j
CUST0264,Aminata Mensah,Standard,Silver,45-54,France,Web,206,15871.470000000001,35,28,1,0.0286,0.9143,429.4705714285715,24.0,0,,0,0,0,347,2025-01-18,0,0,Dormant,40,Premium,Fidèle,Réactivation urgente — offre personnalisée sous 15j
CUST0252,Nadia Kouassi,Standard,Gold,55+,Nigeria,Travel Agency,63,15838.510000000002,38,29,1,0.0263,0.7895,398.48710526315796,18.31578947368421,0,,0,0,0,347,2025-01-18,0,0,Dormant,40,Premium,Fidèle,Réactivation urgente — offre personnalisée sous 15j
CUST0038,Didier Diallo,Premium,None,25-34,Senegal,Mobile App,546,15726.689999999999,44,37,1,0.0227,0.7955,339.4247727272727,18.0,0,,0,0,0,344,2025-01-21,0,0,Dormant,40,Premium,Non inscrit — à recruter,Réactivation urgente — offre personnalisée sous 15j
CUST0299,Mariam Kone,Premium,Silver,55+,Côte d'Ivoire,Web,388,15682.600000000002,38,31,1,0.0,0.7895,393.4368421052632,19.263157894736842,0,,0,0,0,352,2025-01-13,0,0,Dormant,40,Premium,Fidèle,Réactivation urgente — offre personnalisée sous 15j
CUST0119,Yao Traore,Standard,Silver,45-54,Ghana,Web,462,15665.970000000001,50,36,1,0.1,0.86,291.35940000000005,21.96,0,,0,0,0,342,2025-01-23,0,0,Dormant,40,Premium,Fidèle,Réactivation urgente — offre personnalisée sous 15j
CUST0237,Jean Kouassi,Budget,Silver,55+,Ghana,Mobile App,641,15542.339999999998,34,29,1,0.0294,0.8824,432.245294117647,24.88235294117647,0,,0,0,0,349,2025-01-16,0,0,Dormant,40,Premium,Fidèle,Réactivation urgente — offre personnalisée sous 15j
CUST0159,Aminata Traore,Standard,None,35-44,France,Web,424,15529.58,45,34,1,0.0889,0.8444,323.1017777777778,22.0,0,,0,0,0,346,2025-01-19,0,0,Dormant,40,Premium,Non inscrit — à recruter,Réactivation urgente — offre personnalisée sous 15j
CUST0271,Nadia Traore,Budget,Explorer,25-34,France,Corporate Desk,435,15523.499999999996,38,31,1,0.0263,0.8684,387.19736842105254,21.31578947368421,0,,0,0,0,340,2025-01-25,0,0,Dormant,40,Premium,En développement,Réactivation urgente — offre personnalisée sous 15j
CUST0147,Fatou Sow,Standard,Explorer,25-34,Nigeria,Corporate Desk,472,15514.109999999997,50,39,1,0.06,0.88,287.2421999999999,23.04,0,,0,0,0,336,2025-01-29,0,0,Dormant,40,Premium,En développement,Réactivation urgente — offre personnalisée sous 15j
CUST0050,Fatou Konan,Business,None,55+,Nigeria,Travel Agency,246,15511.089999999998,47,38,1,0.0851,0.8298,308.32106382978714,21.70212765957447,0,,0,0,0,347,2025-01-18,0,0,Dormant,40,Premium,Non inscrit — à recruter,Réactivation urgente — offre personnalisée sous 15j
CUST0298,Amadou Diallo,Budget,None,55+,Ghana,Travel Agency,217,15483.279999999999,40,29,1,0.025,0.875,363.38200000000006,23.7,0,,0,0,0,343,2025-01-22,0,0,Dormant,40,Premium,Non inscrit — à recruter,Réactivation urgente — offre personnalisée sous 15j
CUST0246,Fatou Kouassi,Budget,Explorer,45-54,France,Mobile App,591,15473.42,44,31,1,0.0227,0.8409,330.94136363636363,20.727272727272727,0,,0,0,0,343,2025-01-22,0,0,Dormant,40,Premium,En développement,Réactivation urgente — offre personnalisée sous 15j
CUST0029,Bintou Ndiaye,Standard,None,35-44,France,Travel Agency,196,15453.419999999998,40,29,1,0.075,0.75,366.98549999999994,19.35,0,,0,0,0,344,2025-01-21,0,0,Dormant,40,Premium,Non inscrit — à recruter,Réactivation urgente — offre personnalisée sous 15j
CUST0274,Jean Sow,Standard,Silver,35-44,Senegal,Travel Agency,253,15450.2,43,35,1,0.0,0.6744,343.2604651162791,16.046511627906977,0,,0,0,0,341,2025-01-24,0,0,Dormant,40,Premium,Fidèle,Réactivation urgente — offre personnalisée sous 15j
CUST0110,Jean Mensah,Standard,None,35-44,Benin,Mobile App,496,15433.900000000003,39,33,1,0.0256,0.8718,375.8948717948719,19.846153846153847,0,,0,0,0,341,2025-01-24,0,0,Dormant,40,Premium,Non inscrit — à recruter,Réactivation urgente — offre personnalisée sous 15j
CUST0162,Mariam Mensah,Standard,Explorer,35-44,Senegal,Web,74,15398.63,39,30,1,0.0256,0.8718,373.91358974358974,20.923076923076923,0,,0,0,0,342,2025-01-23,0,0,Dormant,40,Premium,En développement,Réactivation urgente — offre personnalisée sous 15j
CUST0230,Serge Kone,Standard,None,45-54,Nigeria,Corporate Desk,434,15322.49,39,33,1,0.0513,0.7692,373.49974358974356,19.384615384615383,0,,0,0,0,345,2025-01-20,0,0,Dormant,40,Premium,Non inscrit — à recruter,Réactivation urgente — offre personnalisée sous 15j
CUST0060,Mariam Kouassi,Business,Silver,25-34,Benin,Web,293,15309.150000000001,41,34,1,0.0244,0.8049,352.1743902439025,21.21951219512195,0,,0,0,0,340,2025-01-25,0,0,Dormant,40,Premium,Fidèle,Réactivation urgente — offre personnalisée sous 15j
CUST0239,Awa Amani,Standard,Silver,25-34,Ghana,Web,371,15297.79,43,37,1,0.0233,0.8837,331.48348837209306,24.27906976744186,0,,0,0,0,347,2025-01-18,0,0,Dormant,40,Premium,Fidèle,Réactivation urgente — offre personnalisée sous 15j
CUST0075,Nadia Kouassi,Standard,Gold,45-54,Ghana,Corporate Desk,620,15219.649999999998,44,31,1,0.0227,0.75,327.3556818181818,18.545454545454547,0,,0,0,0,345,2025-01-20,0,0,Dormant,40,Premium,Fidèle,Réactivation urgente — offre personnalisée sous 15j
CUST0077,Awa Konan,Business,Gold,35-44,Nigeria,Travel Agency,562,15202.339999999998,39,31,1,0.0,0.6923,372.4189743589743,17.384615384615383,0,,0,0,0,345,2025-01-20,0,0,Dormant,40,Premium,Fidèle,Réactivation urgente — offre personnalisée sous 15j
CUST0118,Aminata Konan,Business,Explorer,25-34,Senegal,Corporate Desk,60,15198.249999999998,42,31,1,0.0714,0.8571,339.5773809523809,22.285714285714285,0,,0,0,0,351,2025-01-14,0,0,Corporate High-Value,40,Premium,En développement,Offre corporate dédiée — account manager
CUST0048,Serge Sow,Business,Explorer,25-34,Benin,Mobile App,32,15195.339999999998,39,25,1,0.0256,0.8462,367.00871794871796,22.615384615384617,0,,0,0,0,344,2025-01-21,0,0,Dormant,40,Premium,En développement,Réactivation urgente — offre personnalisée sous 15j
CUST0295,Amadou Kouassi,Standard,None,35-44,Benin,Mobile App,221,15173.44,31,29,1,0.0,0.7742,470.88516129032257,18.580645161290324,0,,0,0,0,350,2025-01-15,0,0,Dormant,40,Premium,Non inscrit — à recruter,Réactivation urgente — offre personnalisée sous 15j
CUST0149,Jean Diallo,Business,None,35-44,Benin,Web,378,15147.349999999999,39,30,1,0.0256,0.7692,369.624358974359,18.76923076923077,0,,0,0,0,338,2025-01-27,0,0,Dormant,40,Premium,Non inscrit — à recruter,Réactivation urgente — offre personnalisée sous 15j
CUST0041,Amadou Sow,Business,Silver,45-54,France,Mobile App,80,15070.260000000002,47,37,1,0.0851,0.7872,300.8565957446809,19.78723404255319,0,,0,0,0,336,2025-01-29,0,0,Dormant,40,Premium,Fidèle,Réactivation urgente — offre personnalisée sous 15j
CUST0240,Fatou Traore,Standard,Explorer,45-54,Ghana,Mobile App,290,15054.64,38,31,1,0.0263,0.8158,375.33263157894737,20.842105263157894,0,,0,0,0,345,2025-01-20,0,0,Dormant,40,Premium,En développement,Réactivation urgente — offre personnalisée sous 15j
CUST0195,Jean Konan,Standard,Gold,35-44,France,Web,203,15047.05,45,30,1,0.0,0.8444,311.7122222222222,22.666666666666668,0,,0,0,0,344,2025-01-21,0,0,Dormant,40,Premium,Fidèle,Réactivation urgente — offre personnalisée sous 15j
CUST0160,Awa Kouassi,Standard,None,55+,Côte d'Ivoire,Web,42,15006.59,41,29,1,0.0244,0.7317,348.8924390243902,17.121951219512194,0,,0,0,0,339,2025-01-26,0,0,Dormant,40,Premium,Non inscrit — à recruter,Réactivation urgente — offre personnalisée sous 15j
CUST0255,Yao Konan,Premium,Gold,45-54,Senegal,Corporate Desk,225,15002.390000000001,38,30,1,0.0526,0.7632,375.8523684210527,18.94736842105263,0,,0,0,0,343,2025-01-22,0,0,Corporate High-Value,40,Premium,Fidèle,Offre corporate dédiée — account manager
CUST0036,Jean Traore,Business,None,55+,Benin,Web,714,14997.500000000002,35,28,1,0.0857,0.8286,408.61428571428564,19.885714285714286,0,,0,0,0,345,2025-01-20,0,0,Dormant,40,Premium,Non inscrit — à recruter,Réactivation urgente — offre personnalisée sous 15j
CUST0111,Serge Konan,Business,Silver,25-34,France,Mobile App,505,14977.479999999998,38,29,1,0.0526,0.9211,370.3021052631578,23.842105263157894,0,,0,0,0,352,2025-01-13,0,0,Dormant,40,Premium,Fidèle,Réactivation urgente — offre personnalisée sous 15j
CUST0083,Awa Ndiaye,Business,Explorer,55+,Senegal,Travel Agency,336,14941.210000000001,46,36,1,0.0435,0.8478,304.98282608695655,19.82608695652174,0,,0,0,0,337,2025-01-28,0,0,Dormant,40,Premium,En développement,Réactivation urgente — offre personnalisée sous 15j
CUST0259,Fatou Konan,Budget,None,35-44,Nigeria,Corporate Desk,260,14910.000000000002,33,25,1,0.0,0.8485,428.5454545454546,23.272727272727273,0,,0,0,0,336,2025-01-29,0,0,Dormant,40,Premium,Non inscrit — à recruter,Réactivation urgente — offre personnalisée sous 15j
CUST0222,Didier Ndiaye,Business,None,35-44,Benin,Travel Agency,729,14867.349999999999,46,28,1,0.0217,0.8478,302.72499999999997,20.47826086956522,0,,0,0,0,342,2025-01-23,0,0,Dormant,40,Premium,Non inscrit — à recruter,Réactivation urgente — offre personnalisée sous 15j
CUST0024,Awa Traore,Budget,None,25-34,Côte d'Ivoire,Mobile App,218,14841.64,31,24,1,0.0,0.8065,457.66580645161287,21.096774193548388,0,,0,0,0,339,2025-01-26,0,0,Dormant,40,Premium,Non inscrit — à recruter,Réactivation urgente — offre personnalisée sous 15j
CUST0132,Awa Amani,Standard,Gold,35-44,Benin,Corporate Desk,492,14831.13,35,29,1,0.0571,0.9143,400.60371428571426,23.142857142857142,0,,0,0,0,341,2025-01-24,0,0,Dormant,40,Premium,Fidèle,Réactivation urgente — offre personnalisée sous 15j
CUST0040,Awa Sow,Budget,Silver,25-34,Côte d'Ivoire,Corporate Desk,289,14790.53,39,32,1,0.0,0.8205,360.01358974358976,19.23076923076923,0,,0,0,0,338,2025-01-27,0,0,Dormant,40,Premium,Fidèle,Réactivation urgente — offre personnalisée sous 15j
CUST0256,Serge Diallo,Budget,Explorer,55+,Nigeria,Web,320,14750.370000000003,38,30,1,0.0263,0.8947,364.957105263158,23.210526315789473,0,,0,0,0,339,2025-01-26,0,0,Dormant,40,Premium,En développement,Réactivation urgente — offre personnalisée sous 15j
CUST0215,Bintou Ndiaye,Standard,None,35-44,France,Travel Agency,182,14727.879999999997,43,36,1,0.0233,0.8605,319.4855813953488,23.023255813953487,0,,0,0,0,351,2025-01-14,0,0,Dormant,40,Premium,Non inscrit — à recruter,Réactivation urgente — offre personnalisée sous 15j
CUST0249,Nadia Ouattara,Standard,None,45-54,France,Travel Agency,670,14721.529999999999,47,34,1,0.1064,0.8936,291.6495744680851,21.574468085106382,0,,0,0,0,340,2025-01-25,0,0,Dormant,40,Premium,Non inscrit — à recruter,Réactivation urgente — offre personnalisée sous 15j
CUST0266,Aminata Ouattara,Budget,Silver,45-54,Nigeria,Corporate Desk,673,14712.470000000003,36,29,1,0.0278,0.7778,388.8463888888889,19.833333333333332,0,,0,0,0,349,2025-01-16,0,0,Dormant,40,Premium,Fidèle,Réactivation urgente — offre personnalisée sous 15j
CUST0186,Nadia Traore,Budget,Explorer,45-54,Ghana,Corporate Desk,583,14640.589999999998,38,30,1,0.0526,0.8158,363.9628947368421,21.31578947368421,0,,0,0,0,342,2025-01-23,0,0,Dormant,40,Premium,En développement,Réactivation urgente — offre personnalisée sous 15j
CUST0244,Bintou Traore,Standard,Silver,25-34,Senegal,Corporate Desk,521,14640.170000000002,32,23,1,0.0313,0.9063,435.00531250000006,22.5,0,,0,0,0,338,2025-01-27,0,0,Dormant,40,Premium,Fidèle,Réactivation urgente — offre personnalisée sous 15j
CUST0204,Nadia Konan,Premium,Explorer,55+,Nigeria,Web,88,14618.619999999999,33,25,1,0.0303,0.7576,426.2612121212121,16.727272727272727,0,,0,0,0,339,2025-01-26,0,0,Dormant,40,Premium,En développement,Réactivation urgente — offre personnalisée sous 15j
CUST0104,Mariam Amani,Standard,Silver,35-44,Côte d'Ivoire,Mobile App,690,14570.800000000001,44,30,1,0.0682,0.8636,310.2909090909091,20.863636363636363,0,,0,0,0,338,2025-01-27,0,0,Dormant,40,Premium,Fidèle,Réactivation urgente — offre personnalisée sous 15j
CUST0169,Mariam Diallo,Standard,Silver,35-44,Benin,Travel Agency,268,14565.470000000001,38,34,1,0.0263,0.8158,362.7755263157895,20.526315789473685,0,,0,0,0,343,2025-01-22,0,0,Dormant,40,Premium,Fidèle,Réactivation urgente — offre personnalisée sous 15j
CUST0286,Awa Ouattara,Business,Gold,55+,Ghana,Travel Agency,322,14519.269999999999,34,24,1,0.0294,0.7353,407.44911764705876,19.58823529411765,0,,0,0,0,344,2025-01-21,0,0,Dormant,40,Premium,Fidèle,Réactivation urgente — offre personnalisée sous 15j
CUST0190,Awa Mensah,Standard,Explorer,55+,Ghana,Travel Agency,192,14396.540000000003,44,35,1,0.0227,0.8864,305.5122727272728,21.681818181818183,0,,0,0,0,340,2025-01-25,0,0,Dormant,40,Premium,En développement,Réactivation urgente — offre personnalisée sous 15j
CUST0141,Jean Konan,Standard,None,25-34,Benin,Travel Agency,527,14355.220000000003,40,35,1,0.025,0.775,343.1305000000001,15.75,0,,0,0,0,347,2025-01-18,0,0,Dormant,40,Premium,Non inscrit — à recruter,Réactivation urgente — offre personnalisée sous 15j
CUST0171,Fatou Ndiaye,Standard,Gold,45-54,France,Travel Agency,269,14352.810000000001,31,21,1,0.0323,0.7419,445.7680645161291,17.225806451612904,0,,0,0,0,343,2025-01-22,0,0,Dormant,40,Premium,Fidèle,Réactivation urgente — offre personnalisée sous 15j
CUST0088,Fatou Mensah,Budget,None,35-44,Senegal,Mobile App,480,14328.279999999999,43,30,1,0.0233,0.8837,308.93674418604655,24.27906976744186,0,,0,0,0,350,2025-01-15,0,0,Dormant,40,Premium,Non inscrit — à recruter,Réactivation urgente — offre personnalisée sous 15j
CUST0063,Aminata Kouassi,Budget,Explorer,25-34,Nigeria,Mobile App,655,14293.040000000003,40,25,1,0.075,0.825,334.97600000000006,22.35,0,,0,0,0,341,2025-01-24,0,0,Dormant,40,Premium,En développement,Réactivation urgente — offre personnalisée sous 15j
CUST0121,Serge Kouassi,Standard,Explorer,35-44,Ghana,Corporate Desk,86,14284.619999999997,39,31,1,0.0,0.8974,342.4261538461538,23.846153846153847,0,,0,0,0,345,2025-01-20,0,0,Dormant,40,Premium,En développement,Réactivation urgente — offre personnalisée sous 15j
CUST0019,Yao Kouassi,Standard,None,45-54,France,Travel Agency,703,14202.76,32,24,1,0.0,0.7813,420.21125,23.625,0,,0,0,0,341,2025-01-24,0,0,Dormant,40,Premium,Non inscrit — à recruter,Réactivation urgente — offre personnalisée sous 15j
CUST0206,Mariam Traore,Standard,Gold,25-34,Benin,Web,281,14201.769999999999,35,28,1,0.0,0.9143,384.1648571428571,21.6,0,,0,0,0,346,2025-01-19,0,0,Dormant,40,Premium,Fidèle,Réactivation urgente — offre personnalisée sous 15j
CUST0187,Fatou Ouattara,Standard,None,45-54,Ghana,Travel Agency,560,14188.440000000002,40,31,1,0.05,0.75,333.71100000000007,21.0,0,,0,0,0,337,2025-01-28,0,0,Dormant,40,Premium,Non inscrit — à recruter,Réactivation urgente — offre personnalisée sous 15j
CUST0025,Jean Mensah,Business,Silver,45-54,France,Corporate Desk,202,14179.27,35,23,1,0.0571,0.8286,385.922,19.2,0,,0,0,0,343,2025-01-22,0,0,Corporate High-Value,40,Premium,Fidèle,Offre corporate dédiée — account manager
CUST0125,Amadou Traore,Budget,Silver,45-54,Benin,Web,82,14155.83,38,30,1,0.0,0.9737,349.4692105263158,23.05263157894737,0,,0,0,0,348,2025-01-17,0,0,Dormant,40,Premium,Fidèle,Réactivation urgente — offre personnalisée sous 15j
CUST0260,Aminata Diallo,Standard,None,55+,France,Corporate Desk,147,14117.489999999998,31,22,1,0.0645,0.8065,434.8867741935483,20.516129032258064,0,,0,0,0,354,2025-01-11,0,0,Dormant,40,Premium,Non inscrit — à recruter,Réactivation urgente — offre personnalisée sous 15j
CUST0293,Nadia Kouassi,Budget,Explorer,55+,Nigeria,Travel Agency,320,14087.27,37,30,1,0.0,0.8108,362.25054054054056,18.486486486486488,0,,0,0,0,339,2025-01-26,0,0,Dormant,40,Premium,En développement,Réactivation urgente — offre personnalisée sous 15j
CUST0069,Yao Traore,Premium,Silver,45-54,Nigeria,Corporate Desk,69,14047.960000000001,38,25,1,0.0,0.7895,351.3673684210527,18.31578947368421,0,,0,0,0,356,2025-01-09,0,0,Corporate High-Value,40,Premium,Fidèle,Offre corporate dédiée — account manager
CUST0102,Aminata Mensah,Standard,Explorer,35-44,France,Corporate Desk,216,14017.380000000001,40,30,1,0.0,0.8,330.4845,19.95,0,,0,0,0,339,2025-01-26,0,0,Dormant,40,Premium,En développement,Réactivation urgente — offre personnalisée sous 15j
CUST0254,Serge Mensah,Standard,Explorer,35-44,Côte d'Ivoire,Travel Agency,167,13978.589999999998,39,31,1,0.0,0.7949,338.8869230769231,19.53846153846154,0,,0,0,0,348,2025-01-17,0,0,Dormant,40,Premium,En développement,Réactivation urgente — offre personnalisée sous 15j
CUST0134,Nadia Kone,Standard,Silver,45-54,Ghana,Mobile App,212,13976.460000000001,40,34,1,0.0,0.875,323.6115000000001,25.8,0,,0,0,0,354,2025-01-11,0,0,Dormant,40,Premium,Fidèle,Réactivation urgente — offre personnalisée sous 15j
CUST0179,Awa Amani,Budget,Explorer,45-54,Senegal,Corporate Desk,262,13961.900000000001,39,32,1,0.0256,0.6154,341.6897435897436,16.307692307692307,0,,0,0,0,340,2025-01-25,0,0,Dormant,40,Premium,En développement,Réactivation urgente — offre personnalisée sous 15j
CUST0216,Amadou Ndiaye,Standard,Silver,45-54,Ghana,Travel Agency,483,13959.25,35,33,1,0.0,0.7714,382.20714285714286,16.62857142857143,0,,0,0,0,338,2025-01-27,0,0,Dormant,40,Premium,Fidèle,Réactivation urgente — offre personnalisée sous 15j
CUST0032,Koffi Ouattara,Budget,Explorer,45-54,Benin,Corporate Desk,204,13946.38,35,29,1,0.0,0.8286,379.7822857142857,18.685714285714287,0,,0,0,0,338,2025-01-27,0,0,Dormant,40,Premium,En développement,Réactivation urgente — offre personnalisée sous 15j
CUST0002,Amadou Ouattara,Budget,Explorer,45-54,Côte d'Ivoire,Web,503,13874.02,34,27,1,0.0,0.8529,387.0594117647059,21.0,0,,0,0,0,343,2025-01-22,0,0,Dormant,40,Premium,En développement,Réactivation urgente — offre personnalisée sous 15j
CUST0289,Didier Mensah,Standard,Explorer,55+,Benin,Travel Agency,189,13801.180000000002,41,32,1,0.0488,0.8293,316.2726829268293,20.341463414634145,0,,0,0,0,339,2025-01-26,0,0,Dormant,40,Premium,En développement,Réactivation urgente — offre personnalisée sous 15j
CUST0006,Nadia Amani,Standard,None,35-44,France,Mobile App,381,13744.529999999999,40,33,1,0.025,0.8,320.21324999999996,23.4,0,,0,0,0,340,2025-01-25,0,0,Dormant,40,Premium,Non inscrit — à recruter,Réactivation urgente — offre personnalisée sous 15j
CUST0205,Koffi Mensah,Premium,None,25-34,France,Travel Agency,419,13724.880000000001,46,36,1,0.0217,0.8261,276.4539130434783,21.91304347826087,0,,0,0,0,341,2025-01-24,0,0,Dormant,40,Premium,Non inscrit — à recruter,Réactivation urgente — offre personnalisée sous 15j
CUST0192,Didier Traore,Budget,Silver,25-34,Ghana,Mobile App,88,13704.369999999999,39,26,1,0.0513,0.7436,333.5479487179487,17.846153846153847,0,,0,0,0,345,2025-01-20,0,0,Dormant,40,Premium,Fidèle,Réactivation urgente — offre personnalisée sous 15j
CUST0100,Yao Ndiaye,Budget,Gold,45-54,Benin,Corporate Desk,571,13611.929999999997,32,27,1,0.0,0.75,403.2478124999999,22.125,0,,0,0,0,340,2025-01-25,0,0,Dormant,40,Premium,Fidèle,Réactivation urgente — offre personnalisée sous 15j
CUST0017,Serge Diallo,Business,Gold,45-54,Nigeria,Travel Agency,191,13554.960000000001,36,29,1,0.0278,0.8056,357.36,19.166666666666668,0,,0,0,0,348,2025-01-17,0,0,Dormant,40,Premium,Fidèle,Réactivation urgente — offre personnalisée sous 15j
CUST0182,Awa Konan,Budget,None,25-34,France,Mobile App,726,13496.28,42,32,1,0.0476,0.8571,299.7685714285714,21.571428571428573,0,,0,0,0,342,2025-01-23,0,0,Dormant,40,Premium,Non inscrit — à recruter,Réactivation urgente — offre personnalisée sous 15j
CUST0294,Yao Ndiaye,Business,None,25-34,Côte d'Ivoire,Travel Agency,710,13495.02,37,26,1,0.027,0.7568,345.2708108108108,19.45945945945946,0,,0,0,0,345,2025-01-20,0,0,Dormant,40,Premium,Non inscrit — à recruter,Réactivation urgente — offre personnalisée sous 15j
CUST0158,Fatou Sow,Standard,None,45-54,France,Mobile App,425,13489.370000000003,47,33,1,0.0213,0.8723,265.8163829787235,21.19148936170213,0,,0,0,0,343,2025-01-22,0,0,Dormant,40,Premium,Non inscrit — à recruter,Réactivation urgente — offre personnalisée sous 15j
CUST0068,Awa Ouattara,Premium,Gold,25-34,Ghana,Corporate Desk,191,13457.850000000002,32,26,1,0.0313,0.875,400.8703125,19.6875,0,,0,0,0,342,2025-01-23,0,0,Corporate High-Value,40,Premium,Fidèle,Offre corporate dédiée — account manager
CUST0129,Amadou Konan,Standard,Explorer,35-44,Ghana,Corporate Desk,543,13455.410000000002,43,32,1,0.0698,0.8372,293.3816279069768,19.53488372093023,0,,0,0,0,338,2025-01-27,0,0,Dormant,40,Premium,En développement,Réactivation urgente — offre personnalisée sous 15j
CUST0046,Awa Mensah,Business,Silver,45-54,Nigeria,Corporate Desk,121,13454.89,36,28,1,0.0278,0.8611,352.74694444444435,21.0,0,,0,0,0,339,2025-01-26,0,0,Corporate High-Value,40,Premium,Fidèle,Offre corporate dédiée — account manager
CUST0245,Bintou Diallo,Budget,None,45-54,Benin,Mobile App,79,13453.16,33,26,1,0.0303,0.7273,386.9442424242424,20.727272727272727,0,,0,0,0,343,2025-01-22,0,0,Dormant,40,Premium,Non inscrit — à recruter,Réactivation urgente — offre personnalisée sous 15j
CUST0053,Nadia Konan,Standard,Explorer,35-44,Côte d'Ivoire,Travel Agency,203,13403.450000000003,45,41,1,0.0,0.8444,278.25444444444446,19.6,0,,0,0,0,344,2025-01-21,0,0,Dormant,40,Premium,En développement,Réactivation urgente — offre personnalisée sous 15j
CUST0154,Jean Kone,Standard,Gold,35-44,Ghana,Mobile App,654,13344.16,34,28,1,0.0882,0.7941,372.00470588235294,20.470588235294116,0,,0,0,0,345,2025-01-20,0,0,Dormant,40,Premium,Fidèle,Réactivation urgente — offre personnalisée sous 15j
CUST0191,Jean Ouattara,Budget,None,25-34,Ghana,Mobile App,496,13332.419999999998,41,29,1,0.0976,0.7073,308.79073170731704,16.390243902439025,0,,0,0,0,350,2025-01-15,0,0,Dormant,40,Premium,Non inscrit — à recruter,Réactivation urgente — offre personnalisée sous 15j
CUST0146,Mariam Traore,Business,None,25-34,Ghana,Corporate Desk,49,13243.73,30,27,1,0.0333,0.7333,422.4576666666666,19.0,0,,0,0,0,337,2025-01-28,0,0,Corporate High-Value,40,Premium,Non inscrit — à recruter,Offre corporate dédiée — account manager
CUST0105,Serge Amani,Premium,None,55+,Côte d'Ivoire,Web,664,13204.900000000001,37,24,1,0.0811,0.8378,336.78108108108114,20.10810810810811,0,,0,0,0,340,2025-01-25,0,0,Dormant,40,Premium,Non inscrit — à recruter,Réactivation urgente — offre personnalisée sous 15j
CUST0290,Fatou Konan,Budget,Explorer,45-54,Ghana,Web,321,13158.580000000004,36,31,1,0.0556,0.8333,345.68277777777786,19.833333333333332,0,,0,0,0,345,2025-01-20,0,0,Dormant,40,Premium,En développement,Réactivation urgente — offre personnalisée sous 15j
CUST0248,Fatou Diallo,Standard,Silver,45-54,Benin,Mobile App,558,13140.62,38,30,1,0.0789,0.7632,328.9110526315789,16.894736842105264,0,,0,0,0,338,2025-01-27,0,0,Dormant,40,Premium,Fidèle,Réactivation urgente — offre personnalisée sous 15j
CUST0049,Awa Konan,Standard,Explorer,35-44,Côte d'Ivoire,Mobile App,90,13121.01,31,26,1,0.0323,0.9677,397.71,25.548387096774192,0,,0,0,0,348,2025-01-17,0,0,Dormant,40,Premium,En développement,Réactivation urgente — offre personnalisée sous 15j
CUST0039,Aminata Mensah,Standard,Silver,35-44,Senegal,Web,475,13036.639999999998,38,29,1,0.0789,0.8421,322.3852631578947,20.68421052631579,0,,0,0,0,344,2025-01-21,0,0,Dormant,40,Premium,Fidèle,Réactivation urgente — offre personnalisée sous 15j
CUST0103,Awa Konan,Business,Silver,25-34,Ghana,Web,322,13036.04,34,26,1,0.0588,0.9412,358.53058823529415,24.88235294117647,0,,0,0,0,347,2025-01-18,0,0,Dormant,40,Premium,Fidèle,Réactivation urgente — offre personnalisée sous 15j
CUST0136,Fatou Traore,Premium,Silver,45-54,Ghana,Corporate Desk,427,13030.289999999999,45,38,1,0.0,0.7778,269.2953333333333,20.266666666666666,0,,0,0,0,340,2025-01-25,0,0,Corporate High-Value,40,Premium,Fidèle,Offre corporate dédiée — account manager
CUST0267,Awa Amani,Standard,None,55+,Ghana,Corporate Desk,593,13012.039999999999,32,29,1,0.0313,0.9375,381.68874999999997,24.9375,0,,0,0,0,342,2025-01-23,0,0,Dormant,40,Premium,Non inscrit — à recruter,Réactivation urgente — offre personnalisée sous 15j
CUST0084,Nadia Diallo,Business,Silver,45-54,Nigeria,Mobile App,110,13000.750000000002,39,26,1,0.0256,0.8205,311.35256410256414,22.0,0,,0,0,0,345,2025-01-20,0,0,Dormant,40,Premium,Fidèle,Réactivation urgente — offre personnalisée sous 15j
CUST0153,Bintou Konan,Standard,None,25-34,Nigeria,Web,118,12869.39,38,29,1,0.0263,0.8947,317.66815789473685,21.0,0,,0,0,0,342,2025-01-23,0,0,Dormant,40,Premium,Non inscrit — à recruter,Réactivation urgente — offre personnalisée sous 15j
CUST0300,Yao Kouassi,Standard,Silver,55+,France,Web,711,12843.25,35,28,1,0.0286,0.8286,348.95,18.0,0,,0,0,0,343,2025-01-22,0,0,Dormant,40,Premium,Fidèle,Réactivation urgente — offre personnalisée sous 15j
CUST0130,Jean Sow,Premium,None,45-54,France,Web,562,12835.86,33,24,1,0.0606,0.8485,367.87454545454545,21.09090909090909,0,,0,0,0,339,2025-01-26,0,0,Dormant,40,Premium,Non inscrit — à recruter,Réactivation urgente — offre personnalisée sous 15j
CUST0202,Jean Ouattara,Standard,Explorer,35-44,France,Web,84,12814.7,36,26,1,0.0833,0.8333,335.4638888888889,20.5,0,,0,0,0,343,2025-01-22,0,0,Dormant,40,Premium,En développement,Réactivation urgente — offre personnalisée sous 15j
CUST0184,Nadia Kouassi,Business,None,55+,Ghana,Web,506,12809.08,38,29,1,0.0263,0.9211,312.6073684210526,24.473684210526315,0,,0,0,0,343,2025-01-22,0,0,Dormant,40,Premium,Non inscrit — à recruter,Réactivation urgente — offre personnalisée sous 15j
CUST0193,Fatou Kouassi,Business,Gold,55+,France,Travel Agency,201,12804.68,29,24,1,0.0,0.8966,416.2993103448276,25.24137931034483,0,,0,0,0,347,2025-01-18,0,0,Dormant,40,Premium,Fidèle,Réactivation urgente — offre personnalisée sous 15j
CUST0217,Amadou Konan,Standard,Explorer,55+,Ghana,Corporate Desk,412,12792.420000000002,35,26,1,0.0286,0.8857,342.01200000000006,23.485714285714284,0,,0,0,0,340,2025-01-25,0,0,Dormant,40,Premium,En développement,Réactivation urgente — offre personnalisée sous 15j
CUST0127,Fatou Mensah,Business,Explorer,35-44,Senegal,Corporate Desk,700,12780.54,35,27,1,0.1143,0.7429,348.35828571428567,16.8,0,,0,0,0,344,2025-01-21,0,0,Corporate High-Value,40,Premium,En développement,Offre corporate dédiée — account manager
CUST0276,Mariam Diallo,Standard,Explorer,35-44,Benin,Mobile App,133,12610.340000000002,41,36,1,0.0488,0.8293,286.93512195121957,20.634146341463413,0,,0,0,0,344,2025-01-21,0,0,Dormant,40,Premium,En développement,Réactivation urgente — offre personnalisée sous 15j
CUST0199,Serge Diallo,Standard,Silver,35-44,Côte d'Ivoire,Web,619,12604.659999999998,33,28,1,0.0,0.8788,361.23212121212117,20.727272727272727,0,,0,0,0,340,2025-01-25,0,0,Dormant,40,Premium,Fidèle,Réactivation urgente — offre personnalisée sous 15j
CUST0196,Jean Kouassi,Standard,None,35-44,Côte d'Ivoire,Corporate Desk,225,12586.09,32,26,1,0.0,0.8125,375.5028125,17.8125,0,,0,0,0,341,2025-01-24,0,0,Dormant,40,Premium,Non inscrit — à recruter,Réactivation urgente — offre personnalisée sous 15j
CUST0021,Yao Kone,Business,None,25-34,Senegal,Mobile App,334,12565.229999999998,38,33,1,0.0526,0.8947,312.97973684210524,17.68421052631579,0,,0,0,0,337,2025-01-28,0,0,Dormant,40,Premium,Non inscrit — à recruter,Réactivation urgente — offre personnalisée sous 15j
CUST0082,Koffi Ndiaye,Standard,Silver,35-44,Benin,Travel Agency,407,12470.239999999998,38,31,1,0.0263,0.8158,309.2168421052631,18.94736842105263,0,,0,0,0,345,2025-01-20,0,0,Dormant,40,Premium,Fidèle,Réactivation urgente — offre personnalisée sous 15j
CUST0201,Amadou Ndiaye,Standard,None,35-44,Benin,Corporate Desk,388,12459.35,30,21,1,0.1333,0.9,396.3116666666666,19.0,0,,0,0,0,341,2025-01-24,0,0,Dormant,40,Premium,Non inscrit — à recruter,Réactivation urgente — offre personnalisée sous 15j
CUST0095,Mariam Ouattara,Standard,None,25-34,Benin,Travel Agency,151,12412.839999999998,33,25,1,0.0606,0.8788,356.1466666666666,20.0,0,,0,0,0,338,2025-01-27,0,0,Dormant,40,Premium,Non inscrit — à recruter,Réactivation urgente — offre personnalisée sous 15j
CUST0229,Didier Mensah,Business,Explorer,55+,Nigeria,Travel Agency,308,12409.7,36,31,1,0.0,0.8056,323.8805555555556,20.833333333333332,0,,0,0,0,338,2025-01-27,0,0,Dormant,40,Premium,En développement,Réactivation urgente — offre personnalisée sous 15j
CUST0281,Fatou Mensah,Standard,None,55+,Benin,Corporate Desk,370,12395.680000000002,39,29,1,0.0513,0.8718,298.60717948717956,19.23076923076923,0,,0,0,0,349,2025-01-16,0,0,Dormant,40,Premium,Non inscrit — à recruter,Réactivation urgente — offre personnalisée sous 15j
CUST0207,Mariam Mensah,Business,None,35-44,France,Mobile App,266,12353.610000000004,43,33,1,0.0,0.7907,267.20023255813965,20.093023255813954,0,,0,0,0,347,2025-01-18,0,0,Dormant,40,Premium,Non inscrit — à recruter,Réactivation urgente — offre personnalisée sous 15j
CUST0269,Koffi Kouassi,Business,None,25-34,Senegal,Travel Agency,113,12323.94,31,27,1,0.0323,0.8387,377.22387096774196,20.322580645161292,0,,0,0,0,341,2025-01-24,0,0,Dormant,40,Premium,Non inscrit — à recruter,Réactivation urgente — offre personnalisée sous 15j
CUST0163,Didier Sow,Standard,None,45-54,Nigeria,Mobile App,335,12206.52,33,26,1,0.0,0.9091,345.5309090909091,24.363636363636363,0,,0,0,0,341,2025-01-24,0,0,Dormant,40,Premium,Non inscrit — à recruter,Réactivation urgente — offre personnalisée sous 15j
CUST0057,Awa Kone,Standard,Explorer,35-44,Ghana,Travel Agency,608,12158.800000000001,39,26,1,0.0769,0.8205,290.8410256410257,20.923076923076923,0,,0,0,0,348,2025-01-17,0,0,Dormant,40,Premium,En développement,Réactivation urgente — offre personnalisée sous 15j
CUST0072,Bintou Mensah,Standard,None,35-44,Côte d'Ivoire,Web,479,12047.45,38,33,1,0.0263,0.8158,297.7750000000001,19.263157894736842,0,,0,0,0,346,2025-01-19,0,0,Dormant,40,Premium,Non inscrit — à recruter,Réactivation urgente — offre personnalisée sous 15j
CUST0004,Aminata Diallo,Standard,Explorer,45-54,France,Corporate Desk,223,12020.460000000003,39,33,1,0.0,0.7692,288.8323076923077,19.384615384615383,0,,0,0,0,348,2025-01-17,0,0,Dormant,40,Premium,En développement,Réactivation urgente — offre personnalisée sous 15j
CUST0285,Jean Konan,Standard,Explorer,35-44,Benin,Travel Agency,36,11942.499999999998,36,31,1,0.0278,0.7778,311.7361111111111,20.0,0,,0,0,0,346,2025-01-19,0,0,Dormant,40,Premium,En développement,Réactivation urgente — offre personnalisée sous 15j
CUST0228,Yao Kouassi,Standard,Gold,55+,France,Travel Agency,265,11920.650000000001,31,29,1,0.0323,0.8387,361.11774193548393,23.419354838709676,0,,0,0,0,347,2025-01-18,0,0,Dormant,40,Premium,Fidèle,Réactivation urgente — offre personnalisée sous 15j
CUST0235,Aminata Diallo,Standard,Explorer,25-34,Nigeria,Web,603,11918.16,33,28,1,0.0,0.9091,337.88363636363636,23.272727272727273,0,,0,0,0,345,2025-01-20,0,0,Dormant,40,Premium,En développement,Réactivation urgente — offre personnalisée sous 15j
CUST0123,Mariam Diallo,Standard,None,55+,France,Web,702,11804.28,34,27,1,0.0294,0.8529,324.0670588235294,23.11764705882353,0,,0,0,0,343,2025-01-22,0,0,Dormant,40,Premium,Non inscrit — à recruter,Réactivation urgente — offre personnalisée sous 15j
CUST0015,Koffi Amani,Budget,None,55+,France,Travel Agency,376,11795.35,37,27,1,0.0541,0.7838,299.0094594594595,19.783783783783782,0,,0,0,0,336,2025-01-29,0,0,Dormant,40,Premium,Non inscrit — à recruter,Réactivation urgente — offre personnalisée sous 15j
CUST0268,Didier Kouassi,Business,Silver,35-44,Côte d'Ivoire,Web,35,11774.130000000001,37,25,1,0.027,0.8378,296.6521621621622,21.56756756756757,0,,0,0,0,343,2025-01-22,0,0,Dormant,40,Premium,Fidèle,Réactivation urgente — offre personnalisée sous 15j
CUST0056,Aminata Sow,Standard,Gold,45-54,France,Web,328,11681.51,33,25,1,0.0,0.8182,335.2578787878788,18.727272727272727,0,,0,0,0,343,2025-01-22,0,0,Dormant,40,Premium,Fidèle,Réactivation urgente — offre personnalisée sous 15j
CUST0086,Bintou Sow,Standard,None,45-54,Nigeria,Corporate Desk,633,11681.230000000001,35,30,1,0.0571,0.9143,312.3208571428571,21.428571428571427,0,,0,0,0,342,2025-01-23,0,0,Dormant,40,Premium,Non inscrit — à recruter,Réactivation urgente — offre personnalisée sous 15j
CUST0044,Bintou Amani,Budget,None,55+,Senegal,Corporate Desk,646,11676.46,31,24,1,0.0323,0.871,354.7890322580645,21.870967741935484,0,,0,0,0,343,2025-01-22,0,0,Dormant,40,Premium,Non inscrit — à recruter,Réactivation urgente — offre personnalisée sous 15j
CUST0047,Serge Kone,Budget,Silver,35-44,Senegal,Corporate Desk,206,11615.630000000001,43,34,1,0.0,0.907,249.4797674418605,20.651162790697676,0,,0,0,0,339,2025-01-26,0,0,Dormant,40,Premium,Fidèle,Réactivation urgente — offre personnalisée sous 15j
CUST0023,Awa Diallo,Business,Explorer,45-54,Ghana,Mobile App,170,11601.789999999999,38,31,1,0.0,0.7632,284.1523684210526,21.157894736842106,0,,0,0,0,342,2025-01-23,0,0,Dormant,40,Premium,En développement,Réactivation urgente — offre personnalisée sous 15j
CUST0155,Jean Konan,Business,None,55+,Benin,Corporate Desk,236,11580.499999999998,31,25,1,0.0,0.871,352.8548387096775,20.70967741935484,0,,0,0,0,357,2025-01-08,0,0,Corporate High-Value,40,Premium,Non inscrit — à recruter,Offre corporate dédiée — account manager
CUST0022,Mariam Ouattara,Standard,Gold,55+,Nigeria,Mobile App,569,11532.430000000002,32,27,1,0.0313,0.8438,336.38843750000007,24.0,0,,0,0,0,343,2025-01-22,0,0,Dormant,40,Premium,Fidèle,Réactivation urgente — offre personnalisée sous 15j
CUST0251,Koffi Konan,Premium,Explorer,25-34,France,Corporate Desk,620,11515.82,39,28,1,0.1282,0.8718,272.20051282051287,23.076923076923077,0,,0,0,0,341,2025-01-24,0,0,Corporate High-Value,40,Premium,En développement,Offre corporate dédiée — account manager
CUST0188,Koffi Amani,Standard,Silver,25-34,Nigeria,Corporate Desk,515,11476.5,31,20,1,0.0323,0.8065,349.5,20.70967741935484,0,,0,0,0,339,2025-01-26,0,0,Dormant,40,Premium,Fidèle,Réactivation urgente — offre personnalisée sous 15j
CUST0284,Yao Konan,Business,None,55+,Ghana,Web,454,11335.2,38,29,1,0.0263,0.8158,278.5578947368421,19.736842105263158,0,,0,0,0,347,2025-01-18,0,0,Dormant,40,Premium,Non inscrit — à recruter,Réactivation urgente — offre personnalisée sous 15j
CUST0148,Mariam Kone,Standard,Explorer,35-44,Benin,Web,93,11330.04,35,25,1,0.0286,0.8857,299.2011428571428,24.514285714285716,0,,0,0,0,344,2025-01-21,0,0,Dormant,40,Premium,En développement,Réactivation urgente — offre personnalisée sous 15j
CUST0020,Fatou Kouassi,Budget,None,25-34,Nigeria,Mobile App,250,11270.310000000001,38,28,1,0.0,0.8684,274.9555263157895,21.63157894736842,0,,0,0,0,342,2025-01-23,0,0,Dormant,40,Premium,Non inscrit — à recruter,Réactivation urgente — offre personnalisée sous 15j
CUST0009,Serge Ouattara,Standard,Explorer,55+,Senegal,Travel Agency,508,11240.21,30,25,1,0.0,0.8333,354.0736666666666,20.6,0,,0,0,0,343,2025-01-22,0,0,Dormant,40,Premium,En développement,Réactivation urgente — offre personnalisée sous 15j
CUST0087,Serge Kone,Standard,Silver,45-54,Nigeria,Web,180,11220.310000000001,27,19,1,0.037,0.9259,391.34481481481487,24.22222222222222,0,,0,0,0,344,2025-01-21,0,0,Dormant,40,Premium,Fidèle,Réactivation urgente — offre personnalisée sous 15j
CUST0096,Amadou Konan,Standard,None,45-54,Nigeria,Corporate Desk,571,11194.099999999999,37,23,1,0.0541,0.7568,283.24594594594583,19.2972972972973,0,,0,0,0,339,2025-01-26,0,0,Dormant,40,Premium,Non inscrit — à recruter,Réactivation urgente — offre personnalisée sous 15j
CUST0085,Jean Kone,Business,None,55+,Senegal,Web,665,11155.639999999998,35,29,1,0.0286,0.9143,293.87542857142853,24.857142857142858,0,,0,0,0,351,2025-01-14,0,0,Dormant,40,Premium,Non inscrit — à recruter,Réactivation urgente — offre personnalisée sous 15j
CUST0061,Amadou Sow,Standard,Silver,55+,Benin,Travel Agency,72,11132.640000000001,34,29,1,0.0,0.8824,306.7835294117647,20.647058823529413,0,,0,0,0,343,2025-01-22,0,0,Dormant,40,Premium,Fidèle,Réactivation urgente — offre personnalisée sous 15j
CUST0183,Serge Mensah,Standard,None,45-54,Benin,Corporate Desk,239,11076.32,37,27,1,0.0541,0.7838,277.63027027027033,21.72972972972973,0,,0,0,0,346,2025-01-19,0,0,Dormant,40,Premium,Non inscrit — à recruter,Réactivation urgente — offre personnalisée sous 15j
CUST0011,Fatou Ouattara,Budget,None,35-44,France,Web,493,11048.41,29,23,1,0.0,0.8276,361.738275862069,19.24137931034483,0,,0,0,0,350,2025-01-15,0,0,Dormant,40,Premium,Non inscrit — à recruter,Réactivation urgente — offre personnalisée sous 15j
CUST0101,Koffi Diallo,Business,None,45-54,Senegal,Corporate Desk,332,11030.98,33,26,1,0.0303,0.8788,312.2721212121212,22.0,0,,0,0,0,345,2025-01-20,0,0,Corporate High-Value,40,Premium,Non inscrit — à recruter,Offre corporate dédiée — account manager
CUST0272,Didier Mensah,Premium,Explorer,25-34,Ghana,Web,236,11017.270000000002,35,27,1,0.0857,0.8857,292.32200000000006,22.457142857142856,0,,0,0,0,349,2025-01-16,0,0,Dormant,40,Premium,En développement,Réactivation urgente — offre personnalisée sous 15j
CUST0200,Amadou Diallo,Standard,Explorer,45-54,Côte d'Ivoire,Corporate Desk,713,10980.500000000002,31,28,1,0.0323,0.8065,335.0483870967742,19.161290322580644,0,,0,0,0,346,2025-01-19,0,0,Dormant,40,Premium,En développement,Réactivation urgente — offre personnalisée sous 15j
CUST0037,Koffi Ndiaye,Standard,None,55+,Senegal,Corporate Desk,165,10938.050000000003,30,21,1,0.0333,0.7667,348.4016666666667,16.2,0,,0,0,0,341,2025-01-24,0,0,Dormant,40,Premium,Non inscrit — à recruter,Réactivation urgente — offre personnalisée sous 15j
CUST0076,Mariam Kouassi,Premium,None,25-34,France,Mobile App,707,10894.28,30,22,1,0.0333,0.8667,342.1426666666667,21.0,0,,0,0,0,346,2025-01-19,0,0,Dormant,40,Premium,Non inscrit — à recruter,Réactivation urgente — offre personnalisée sous 15j
CUST0081,Amadou Kouassi,Budget,Gold,55+,Benin,Mobile App,468,10838.509999999998,33,26,1,0.0,0.8485,309.1669696969697,19.272727272727273,0,,0,0,0,346,2025-01-19,0,0,Dormant,40,Premium,Fidèle,Réactivation urgente — offre personnalisée sous 15j
CUST0170,Jean Mensah,Business,Silver,55+,France,Mobile App,716,10806.179999999998,32,27,1,0.0,0.875,315.00562499999995,22.6875,0,,0,0,0,345,2025-01-20,0,0,Dormant,40,Premium,Fidèle,Réactivation urgente — offre personnalisée sous 15j
CUST0078,Mariam Sow,Business,Gold,55+,Ghana,Mobile App,278,10753.32,28,25,1,0.0357,0.8571,365.19000000000005,18.857142857142858,0,,0,0,0,343,2025-01-22,0,0,Dormant,40,Premium,Fidèle,Réactivation urgente — offre personnalisée sous 15j
CUST0151,Mariam Kouassi,Business,Gold,25-34,Senegal,Travel Agency,80,10690.690000000002,27,22,1,0.037,0.963,373.50703703703704,22.444444444444443,0,,0,0,0,342,2025-01-23,0,0,Dormant,40,Premium,Fidèle,Réactivation urgente — offre personnalisée sous 15j
CUST0219,Amadou Amani,Premium,Explorer,25-34,Côte d'Ivoire,Travel Agency,281,10661.77,34,26,1,0.0588,0.8824,288.8755882352941,24.705882352941178,0,,0,0,0,341,2025-01-24,0,0,Dormant,40,Premium,En développement,Réactivation urgente — offre personnalisée sous 15j
CUST0225,Koffi Traore,Standard,Silver,25-34,Côte d'Ivoire,Web,668,10577.72,27,23,1,0.0,0.9259,369.32296296296295,22.444444444444443,0,,0,0,0,344,2025-01-21,0,0,Dormant,40,Premium,Fidèle,Réactivation urgente — offre personnalisée sous 15j
CUST0064,Nadia Sow,Standard,Explorer,25-34,France,Web,482,10568.62,31,26,1,0.0,0.8387,323.1167741935484,17.806451612903224,0,,0,0,0,341,2025-01-24,0,0,Dormant,40,Premium,En développement,Réactivation urgente — offre personnalisée sous 15j
CUST0218,Bintou Ouattara,Standard,None,25-34,France,Mobile App,662,10538.54,33,24,1,0.0909,0.8182,300.07696969696974,19.272727272727273,0,,0,0,0,348,2025-01-17,0,0,Dormant,40,Premium,Non inscrit — à recruter,Réactivation urgente — offre personnalisée sous 15j
CUST0042,Jean Konan,Standard,None,55+,Nigeria,Corporate Desk,50,10479.97,34,24,1,0.0294,0.7941,287.0579411764706,21.176470588235293,0,,0,0,0,343,2025-01-22,0,0,Dormant,40,Premium,Non inscrit — à recruter,Réactivation urgente — offre personnalisée sous 15j
CUST0071,Aminata Ouattara,Standard,None,45-54,France,Web,116,10473.85,31,18,1,0.0323,0.8387,317.73709677419356,20.129032258064516,0,,0,0,0,352,2025-01-13,0,0,Dormant,40,Premium,Non inscrit — à recruter,Réactivation urgente — offre personnalisée sous 15j
CUST0126,Aminata Mensah,Standard,None,45-54,Benin,Web,464,10439.82,31,24,1,0.0323,0.9355,313.3490322580644,23.419354838709676,0,,0,0,0,340,2025-01-25,0,0,Dormant,40,Premium,Non inscrit — à recruter,Réactivation urgente — offre personnalisée sous 15j
CUST0074,Nadia Konan,Budget,Silver,25-34,Ghana,Web,215,10347.699999999999,27,21,1,0.0741,0.9259,358.1370370370371,25.11111111111111,0,,0,0,0,356,2025-01-09,0,0,Dormant,40,Premium,Fidèle,Réactivation urgente — offre personnalisée sous 15j
CUST0174,Awa Ouattara,Business,Explorer,45-54,France,Travel Agency,642,10281.94,29,23,1,0.0,0.8966,335.30827586206897,19.24137931034483,0,,0,0,0,351,2025-01-14,0,0,Dormant,40,Premium,En développement,Réactivation urgente — offre personnalisée sous 15j
CUST0208,Amadou Kouassi,Standard,None,25-34,Benin,Travel Agency,483,10213.93,35,30,1,0.0,0.8571,268.8551428571429,22.97142857142857,0,,0,0,0,345,2025-01-20,0,0,Dormant,40,Premium,Non inscrit — à recruter,Réactivation urgente — offre personnalisée sous 15j
CUST0258,Fatou Traore,Budget,None,25-34,Ghana,Mobile App,551,10202.689999999999,25,23,1,0.04,0.96,386.26759999999996,21.84,0,,0,0,0,347,2025-01-18,0,0,Dormant,40,Premium,Non inscrit — à recruter,Réactivation urgente — offre personnalisée sous 15j
CUST0175,Yao Ouattara,Standard,None,25-34,Côte d'Ivoire,Web,535,10137.15,28,24,1,0.0,0.8214,341.68392857142857,20.357142857142858,0,,0,0,0,346,2025-01-19,0,0,Dormant,40,Premium,Non inscrit — à recruter,Réactivation urgente — offre personnalisée sous 15j
CUST0161,Awa Kone,Standard,None,45-54,Ghana,Web,60,10126.480000000001,33,22,1,0.0303,0.9697,280.86303030303037,26.0,0,,0,0,0,341,2025-01-24,0,0,Dormant,40,Premium,Non inscrit — à recruter,Réactivation urgente — offre personnalisée sous 15j
CUST0275,Nadia Ouattara,Standard,None,35-44,France,Web,261,10117.53,26,20,1,0.0,0.8077,372.5203846153846,16.615384615384617,0,,0,0,0,356,2025-01-09,0,0,Dormant,40,Premium,Non inscrit — à recruter,Réactivation urgente — offre personnalisée sous 15j
CUST0278,Koffi Mensah,Standard,Explorer,35-44,Benin,Travel Agency,316,10075.460000000001,27,22,1,0.037,0.9259,349.8318518518518,23.333333333333332,0,,0,0,0,345,2025-01-20,0,0,Dormant,40,Premium,En développement,Réactivation urgente — offre personnalisée sous 15j
CUST0173,Bintou Kone,Business,None,25-34,Senegal,Travel Agency,492,9988.45,30,25,1,0.0667,0.7,316.74833333333333,16.2,0,,0,0,0,349,2025-01-16,0,0,Dormant,40,Premium,Non inscrit — à recruter,Réactivation urgente — offre personnalisée sous 15j
CUST0292,Mariam Diallo,Standard,Gold,25-34,Benin,Travel Agency,513,9952.57,36,27,1,0.0556,0.75,258.12694444444446,18.333333333333332,0,,0,0,0,337,2025-01-28,0,0,Dormant,40,Premium,Fidèle,Réactivation urgente — offre personnalisée sous 15j
CUST0138,Aminata Mensah,Budget,None,55+,France,Corporate Desk,291,9843.650000000001,34,25,1,0.0294,0.9412,268.51911764705886,21.0,0,,0,0,0,340,2025-01-25,0,0,Dormant,40,Premium,Non inscrit — à recruter,Réactivation urgente — offre personnalisée sous 15j
CUST0080,Amadou Traore,Budget,Explorer,25-34,Senegal,Web,246,9608.199999999999,31,24,1,0.0645,0.871,289.23225806451615,20.70967741935484,0,,0,0,0,340,2025-01-25,0,0,Dormant,40,Premium,En développement,Réactivation urgente — offre personnalisée sous 15j
CUST0140,Amadou Diallo,Standard,Explorer,25-34,Ghana,Mobile App,40,9560.15,24,20,1,0.0,0.875,376.5895833333332,21.75,0,,0,0,0,352,2025-01-13,0,0,Dormant,40,Premium,En développement,Réactivation urgente — offre personnalisée sous 15j
CUST0224,Bintou Ndiaye,Standard,None,25-34,Nigeria,Web,571,9500.82,35,27,1,0.0857,0.6857,252.42342857142856,19.02857142857143,0,,0,0,0,345,2025-01-20,0,0,Dormant,40,Premium,Non inscrit — à recruter,Réactivation urgente — offre personnalisée sous 15j
CUST0166,Serge Diallo,Business,None,35-44,Benin,Corporate Desk,88,9399.51,30,27,1,0.0333,0.7333,295.117,18.2,0,,0,0,0,340,2025-01-25,0,0,Corporate High-Value,40,Premium,Non inscrit — à recruter,Offre corporate dédiée — account manager
CUST0178,Yao Ndiaye,Standard,Gold,45-54,Côte d'Ivoire,Mobile App,124,9369.52,25,22,1,0.0,0.8,355.3408,19.44,0,,0,0,0,342,2025-01-23,0,0,Dormant,40,Premium,Fidèle,Réactivation urgente — offre personnalisée sous 15j
CUST0109,Bintou Konan,Business,Gold,25-34,Côte d'Ivoire,Corporate Desk,473,9206.99,31,27,1,0.0645,0.9032,274.5480645161291,22.451612903225808,0,,0,0,0,341,2025-01-24,0,0,Corporate High-Value,40,Premium,Fidèle,Offre corporate dédiée — account manager
CUST0177,Jean Kone,Standard,Explorer,45-54,Côte d'Ivoire,Web,710,9183.389999999998,26,20,1,0.1154,0.7692,330.3611538461538,22.846153846153847,0,,0,0,0,346,2025-01-19,0,0,Dormant,40,Premium,En développement,Réactivation urgente — offre personnalisée sous 15j
CUST0128,Amadou Sow,Standard,None,35-44,Côte d'Ivoire,Travel Agency,638,9091.740000000002,31,25,1,0.0323,0.6774,277.21741935483874,16.06451612903226,0,,0,0,0,348,2025-01-17,0,0,Dormant,40,Premium,Non inscrit — à recruter,Réactivation urgente — offre personnalisée sous 15j
CUST0213,Serge Diallo,Standard,Gold,45-54,Benin,Mobile App,146,9072.42,30,25,1,0.0333,0.8333,283.214,19.2,0,,0,0,0,341,2025-01-24,0,0,Dormant,40,Premium,Fidèle,Réactivation urgente — offre personnalisée sous 15j
CUST0262,Aminata Ndiaye,Standard,Explorer,25-34,Ghana,Travel Agency,326,9031.189999999999,21,15,1,0.0476,0.8571,411.48523809523806,18.571428571428573,0,,0,0,0,346,2025-01-19,0,0,Dormant,40,Premium,En développement,Réactivation urgente — offre personnalisée sous 15j
CUST0270,Jean Sow,Standard,None,45-54,Côte d'Ivoire,Web,274,8923.779999999999,33,22,1,0.0909,0.8182,248.05393939393937,22.363636363636363,0,,0,0,0,346,2025-01-19,0,0,Dormant,40,Premium,Non inscrit — à recruter,Réactivation urgente — offre personnalisée sous 15j
CUST0124,Mariam Konan,Business,None,55+,Côte d'Ivoire,Web,185,8807.400000000001,26,22,1,0.0769,0.7692,317.5153846153846,21.23076923076923,0,,0,0,0,345,2025-01-20,0,0,Dormant,40,Premium,Non inscrit — à recruter,Réactivation urgente — offre personnalisée sous 15j
CUST0142,Didier Kone,Business,Explorer,25-34,Côte d'Ivoire,Corporate Desk,380,8796.8,31,30,1,0.0,0.9032,264.02580645161294,19.741935483870968,0,,0,0,0,348,2025-01-17,0,0,Corporate High-Value,40,Premium,En développement,Offre corporate dédiée — account manager
CUST0291,Didier Diallo,Standard,None,55+,Côte d'Ivoire,Travel Agency,111,8787.25,34,25,1,0.0294,0.8529,238.68382352941174,19.764705882352942,0,,0,0,0,337,2025-01-28,0,0,Dormant,40,Premium,Non inscrit — à recruter,Réactivation urgente — offre personnalisée sous 15j
CUST0210,Fatou Mensah,Budget,None,35-44,Nigeria,Corporate Desk,375,8409.220000000001,28,23,1,0.0,0.8214,279.115,21.214285714285715,0,,0,0,0,345,2025-01-20,0,0,Dormant,40,Premium,Non inscrit — à recruter,Réactivation urgente — offre personnalisée sous 15j
CUST0043,Aminata Mensah,Budget,Explorer,35-44,France,Travel Agency,462,8164.91,28,18,1,0.1786,0.75,274.03249999999997,17.571428571428573,0,,0,0,0,345,2025-01-20,0,0,Dormant,40,Premium,En développement,Réactivation urgente — offre personnalisée sous 15j
CUST0010,Serge Kouassi,Standard,Explorer,35-44,Ghana,Corporate Desk,591,7523.280000000001,25,22,1,0.0,0.84,279.8112,21.12,0,,0,0,0,342,2025-01-23,0,0,Dormant,40,Premium,En développement,Réactivation urgente — offre personnalisée sous 15j
CUST0091,Koffi Konan,Standard,None,45-54,Ghana,Web,51,7287.21,26,18,1,0.0385,0.8846,261.35423076923075,18.923076923076923,0,,0,0,0,340,2025-01-25,0,0,Dormant,40,Premium,Non inscrit — à recruter,Réactivation urgente — offre personnalisée sous 15j
CUST0247,Serge Kone,Standard,Explorer,45-54,Benin,Travel Agency,75,6741.0199999999995,25,19,1,0.04,0.88,247.56079999999997,22.08,0,,0,0,0,356,2025-01-09,0,0,Dormant,40,Premium,En développement,Réactivation urgente — offre personnalisée sous 15j
