complaint_id;customer_id;flight_id;booking_id;complaint_date;complaint_type;complaint_text;assigned_department;resolution_status;corrective_action_taken
CMP000001;CUST0016;FLT00048;BKG000448;2025-04-30;Service;Repas servi froid sans choix sur vol HF350 (ABJ?LOS). Pour 838 USD en classe affaires, la qualité est bien en dessous du minimum acceptable.;Customer Service;Resolved;Crew member identified and counseled. Formal apology sent. Refresher training on service standards scheduled for full cabin crew.
CMP000002;CUST0143;FLT00080;BKG000441;2025-06-22;Baggage;Trois bagages familiaux non chargés sur vol HF833. Promesse de livraison le lendemain. Cela fait 8 jours — toujours rien à DKR.;Baggage;Resolved;Item reported missing. 131 USD interim payment issued pending investigation. CCTV review requested with destination airport.
CMP000003;CUST0283;FLT00151;BKG001288;2025-11-13;Delay;Retard de 6h sur le vol HF967 (ABJ?CMN). Aucun bon repas proposé. À l'arrivée à CMN, bagages livrés 6h plus tard. Désorganisation totale.;Operations;Resolved;Passenger contacted and apologized. Meal voucher 113 USD issued. Delay cause (ATC slot) forwarded to Network Operations for schedule review.
CMP000004;CUST0233;FLT00326;BKG000748;2025-03-25;Ramp Ops;Wheelchair assistance requested at booking (HF4814) not arranged at ABJ. Had to navigate terminal independently. Serious accessibility failure.;Ramp;Resolved;Safety incident filed with Airport Authority. Ground crew retraining on passenger tarmac safety scheduled within 2 weeks.
CMP000005;CUST0286;FLT00113;BKG001403;2025-06-16;Baggage;Trois bagages familiaux non chargés sur vol HF818. Promesse de livraison le lendemain. Cela fait 4 jours — toujours rien à LOS.;Baggage;Resolved;Item reported missing. 286 USD interim payment issued pending investigation. CCTV review requested with destination airport.
CMP000006;CUST0235;FLT00074;BKG000543;2025-03-13;Ramp Ops;Wheelchair assistance requested at booking (HF6155) not arranged at ABJ. Had to navigate terminal independently. Serious accessibility failure.;Ramp;Escalated;Passenger compensated 158 USD. Additional staff allocated to peak-hour departures on this route.
CMP000007;CUST0025;FLT00441;BKG000225;2025-03-20;Delay;Flight HF864 from ABJ to LOS was delayed 5h on 2025-10-27 with no gate announcement. I missed my connection and had to book an emergency hotel at 304 USD out of pocket.;Operations;Pending;Pending investigation — case assigned, no corrective action taken yet.
CMP000008;CUST0275;FLT00385;BKG000547;2025-11-25;Service;Cabin crew on flight HF710 was dismissive. Pre-ordered vegetarian meal unavailable — no apology, no alternative. As a Silver member this is unacceptable.;Customer Service;Escalated;Crew member identified and counseled. Formal apology sent. Refresher training on service standards scheduled for full cabin crew.
CMP000009;CUST0102;FLT00079;BKG000766;2025-03-24;Baggage;Baggage from flight HF564 delivered to wrong carousel. Found 2h later with broken handle and cracked shell. Requesting repair or 262 USD replacement compensation.;Baggage;Resolved;Claim under review. Customer given weekly updates. Coordinating with destination baggage team — target resolution 10 business days.
CMP000010;CUST0291;FLT00041;BKG000176;2025-09-06;Baggage;Luggage did not arrive on flight HF100 from ABJ to JNB on 2025-11-03. After 9 days no update. I was traveling for a conference — emergency expenses of 194 USD claimed.;Baggage;Escalated;Damage claim approved. 172 USD compensation issued. Baggage team retrained on fragile item protocol. Logged in Ramp Quality tracker.
CMP000011;CUST0109;FLT00476;BKG001105;2025-12-20;Ramp Ops;Wheelchair assistance requested at booking (HF9645) not arranged at ABJ. Had to navigate terminal independently. Serious accessibility failure.;Ramp;Closed - No Action;Pending investigation — case assigned, no corrective action taken yet.
CMP000012;CUST0118;FLT00302;BKG000452;2025-01-04;Delay;Vol HF548 annulé sans solution de remplacement immédiate. 310 USD remboursés sur 365 USD payés. Délai remboursement toujours en attente.;Operations;Resolved;Case closed — late inbound aircraft. Fleet Planning notified. Passenger offered priority rebooking on next available flight.
CMP000013;CUST0068;FLT00371;BKG001170;2025-10-23;Delay;Vol HF169 annulé sans solution de remplacement immédiate. 323 USD remboursés sur 585 USD payés. Délai remboursement toujours en attente.;Operations;Pending;Pending investigation — case assigned, no corrective action taken yet.
CMP000014;CUST0207;FLT00373;BKG000695;2025-02-25;Baggage;Luggage did not arrive on flight HF294 from ABJ to CDG on 2025-02-18. After 8 days no update. I was traveling for a conference — emergency expenses of 513 USD claimed.;Baggage;Escalated;PIR confirmed. Bag located at ABJ hub — delivered within 48h. 77 USD emergency expense reimbursed. Loading checklist gap identified.
CMP000015;CUST0277;FLT00429;BKG000031;2025-02-17;Delay;Flight HF243 from ABJ to BRU was delayed 3h on 2025-08-05 with no gate announcement. I missed my connection and had to book an emergency hotel at 335 USD out of pocket.;Operations;Resolved;Passenger contacted and apologized. Meal voucher 331 USD issued. Delay cause (ATC slot) forwarded to Network Operations for schedule review.
CMP000016;CUST0136;FLT00475;BKG000932;2025-05-27;Others;Purchased Flex fare for HF516 and tried to change booking online. System error for 5 days. Called support, on hold 75 min then disconnected. Missed change window.;Customer Service;Escalated;Online change tool bug logged with IT. Fare difference waived as goodwill — passenger rebooked at no extra cost.
CMP000017;CUST0030;FLT00026;BKG001197;2025-09-02;Baggage;Baggage from flight HF777 delivered to wrong carousel. Found 2h later with broken handle and cracked shell. Requesting repair or 302 USD replacement compensation.;Baggage;Closed - No Action;Pending investigation — case assigned, no corrective action taken yet.
CMP000018;CUST0127;FLT00297;BKG001218;2025-01-21;Baggage;Luggage did not arrive on flight HF158 from ABJ to ACC on 2025-09-18. After 4 days no update. I was traveling for a conference — emergency expenses of 689 USD claimed.;Baggage;Escalated;Claim under review. Customer given weekly updates. Coordinating with destination baggage team — target resolution 10 business days.
CMP000019;CUST0162;FLT00476;BKG000149;2025-01-05;Service;Check-in staff at ABJ overwhelmed. Waited 35 min in priority lane as Gold member. Agent dismissive about upgrade request despite availability showing online.;Customer Service;Resolved;Catering supplier notified of pre-order failure. Special meal flagging system under review. Passenger offered complimentary meal next flight.
CMP000020;CUST0146;FLT00081;BKG000898;2025-10-06;Baggage;Baggage from flight HF175 delivered to wrong carousel. Found 2h later with broken handle and cracked shell. Requesting repair or 215 USD replacement compensation.;Baggage;Closed - No Action;Pending investigation — case assigned, no corrective action taken yet.
CMP000021;CUST0284;FLT00080;BKG000558;2025-05-25;Service;Cabin crew on flight HF108 was dismissive. Pre-ordered vegetarian meal unavailable — no apology, no alternative. As a Silver member this is unacceptable.;Customer Service;Pending;Pending investigation — case assigned, no corrective action taken yet.
CMP000022;CUST0142;FLT00023;BKG000008;2025-06-20;Service;Repas servi froid sans choix sur vol HF803 (ABJ?DKR). Pour 337 USD en classe affaires, la qualité est bien en dessous du minimum acceptable.;Customer Service;Pending;Pending investigation — case assigned, no corrective action taken yet.
CMP000023;CUST0019;FLT00428;BKG000757;2025-10-26;Service;Flight attendant argued loudly with a passenger on HF265. Entire cabin was uncomfortable. No supervisor intervened. Formal action expected.;Customer Service;Pending;Pending investigation — case assigned, no corrective action taken yet.
CMP000024;CUST0080;FLT00474;BKG000485;2025-03-25;Baggage;Ma poussette enregistrée à ABJ est arrivée à BYK complètement détruite. L'article coûte 778 USD. Aucune solution proposée par le personnel au sol.;Baggage;Resolved;Bag found misrouted. Returned within 72h. Apology + 231 USD voucher. Label printer calibration scheduled to prevent recurrence.
CMP000025;CUST0020;FLT00440;BKG000964;2025-04-24;Others;Purchased Flex fare for HF125 and tried to change booking online. System error for 8 days. Called support, on hold 71 min then disconnected. Missed change window.;Customer Service;Escalated;Online change tool bug logged with IT. Fare difference waived as goodwill — passenger rebooked at no extra cost.
CMP000026;CUST0143;FLT00180;BKG001314;2025-09-18;Delay;Flight HF412 from ABJ to CMN was delayed 3h on 2025-04-27 with no gate announcement. I missed my connection and had to book an emergency hotel at 277 USD out of pocket.;Operations;Closed - No Action;Pending investigation — case assigned, no corrective action taken yet.
CMP000027;CUST0223;FLT00177;BKG001493;2025-06-10;Baggage;Ma poussette enregistrée à ABJ est arrivée à JNB complètement détruite. L'article coûte 674 USD. Aucune solution proposée par le personnel au sol.;Baggage;Closed - No Action;Pending investigation — case assigned, no corrective action taken yet.
CMP000028;CUST0101;FLT00187;BKG000884;2025-02-05;Baggage;Ma poussette enregistrée à ABJ est arrivée à SPY complètement détruite. L'article coûte 805 USD. Aucune solution proposée par le personnel au sol.;Baggage;Closed - No Action;Pending investigation — case assigned, no corrective action taken yet.
CMP000029;CUST0284;FLT00066;BKG000393;2025-08-04;Others;Denied boarding on HF779 despite confirmed booking HF6344. No immediate alternative offered. Had to book another carrier at double the price.;Customer Service;Closed - No Action;Pending investigation — case assigned, no corrective action taken yet.
CMP000030;CUST0165;FLT00239;BKG000905;2025-08-15;Service;Repas servi froid sans choix sur vol HF730 (ABJ?ACC). Pour 80 USD en classe affaires, la qualité est bien en dessous du minimum acceptable.;Customer Service;Resolved;Apology issued. Escalated to VP Customer Experience. 157 USD miles credited as goodwill gesture.
CMP000031;CUST0116;FLT00413;BKG000408;2025-03-17;Service;Check-in staff at ABJ overwhelmed. Waited 62 min in priority lane as Gold member. Agent dismissive about upgrade request despite availability showing online.;Customer Service;Pending;Pending investigation — case assigned, no corrective action taken yet.
CMP000032;CUST0076;FLT00336;BKG001409;2025-01-03;Delay;Retard de 5h sur le vol HF725 (ABJ?BRU). Aucun bon repas proposé. À l'arrivée à BRU, bagages livrés 8h plus tard. Désorganisation totale.;Operations;Resolved;Compensation 303 USD processed per IATA delay policy. Internal debrief with ground ops scheduled. OTP dashboard updated with incident flag.
CMP000033;CUST0063;FLT00234;BKG000274;2025-08-26;Ramp Ops;Les équipes rampe ont endommagé la porte cargo lors du chargement du vol HF897. Départ retardé de 3h — incident évitable avec plus de soin.;Ramp;Escalated;Special assistance coordination gap identified. SSR flags now auto-forwarded to ramp team 4h before departure — fix deployed.
CMP000034;CUST0133;FLT00385;BKG000507;2025-11-23;Service;Repas servi froid sans choix sur vol HF873 (ABJ?CMN). Pour 641 USD en classe affaires, la qualité est bien en dessous du minimum acceptable.;Customer Service;Closed - No Action;Pending investigation — case assigned, no corrective action taken yet.
CMP000035;CUST0277;FLT00042;BKG000284;2025-03-19;Delay;As a Gold member I expect minimum transparency. Flight HF741 departed 4h late — zero proactive communication, no meal vouchers, no rebooking assistance.;Operations;Escalated;Delay due to weather (force majeure) — no compensation per policy. Passenger notified with meteorological report reference.
CMP000036;CUST0200;FLT00464;BKG001197;2025-12-23;Delay;Retard de 5h sur le vol HF165 (ABJ?DKR). Aucun bon repas proposé. À l'arrivée à DKR, bagages livrés 7h plus tard. Désorganisation totale.;Operations;Pending;Pending investigation — case assigned, no corrective action taken yet.
CMP000037;CUST0250;FLT00113;BKG000559;2025-08-12;Delay;Vol HF588 annulé sans solution de remplacement immédiate. 479 USD remboursés sur 729 USD payés. Délai remboursement toujours en attente.;Operations;Escalated;Compensation 329 USD processed per IATA delay policy. Internal debrief with ground ops scheduled. OTP dashboard updated with incident flag.
CMP000038;CUST0043;FLT00330;BKG000878;2025-03-11;Baggage;Ma poussette enregistrée à ABJ est arrivée à CDG complètement détruite. L'article coûte 626 USD. Aucune solution proposée par le personnel au sol.;Baggage;Resolved;PIR confirmed. Bag located at ABJ hub — delivered within 48h. 353 USD emergency expense reimbursed. Loading checklist gap identified.
CMP000039;CUST0241;FLT00010;BKG001105;2025-01-27;Ramp Ops;During disembarkation from HF488 at LOS, passengers kept on jet bridge 40 min in extreme heat. Ground crew communication nonexistent.;Ramp;Resolved;Ramp Supervisor debriefed. Tarmac shelter protocol added to Standard Operating Procedures immediately.
CMP000040;CUST0059;FLT00289;BKG000447;2025-08-27;Others;Remboursement pour vol HF899 annulé le 2025-11-30 toujours non traité après 2 jours. Montant de 284 USD en attente. Trois relances sans réponse.;Customer Service;Resolved;Online change tool bug logged with IT. Fare difference waived as goodwill — passenger rebooked at no extra cost.
CMP000041;CUST0204;FLT00367;BKG000407;2025-02-08;Service;Flight attendant argued loudly with a passenger on HF720. Entire cabin was uncomfortable. No supervisor intervened. Formal action expected.;Customer Service;Escalated;Catering supplier notified of pre-order failure. Special meal flagging system under review. Passenger offered complimentary meal next flight.
CMP000042;CUST0036;FLT00260;BKG001327;2025-06-24;Service;Repas servi froid sans choix sur vol HF204 (ABJ?DKR). Pour 659 USD en classe affaires, la qualité est bien en dessous du minimum acceptable.;Customer Service;Escalated;Incident report filed with In-Flight Service Director. Customer compensated 322 USD travel credit. Crew behavior under review.
CMP000043;CUST0276;FLT00397;BKG000991;2025-08-27;Delay;As a Gold member I expect minimum transparency. Flight HF208 departed 4h late — zero proactive communication, no meal vouchers, no rebooking assistance.;Operations;Resolved;Case closed — late inbound aircraft. Fleet Planning notified. Passenger offered priority rebooking on next available flight.
CMP000044;CUST0254;FLT00436;BKG000666;2025-04-04;Baggage;Luggage did not arrive on flight HF430 from ABJ to LOS on 2025-05-06. After 6 days no update. I was traveling for a conference — emergency expenses of 329 USD claimed.;Baggage;Pending;Pending investigation — case assigned, no corrective action taken yet.
CMP000045;CUST0251;FLT00285;BKG000493;2025-12-20;Baggage;Ma valise est arrivée à LOS avec la serrure forcée et des objets manquants d'une valeur de 90 USD. Rapport PIR déposé (réf. HF4130) — aucune réponse depuis 6 jours.;Baggage;Resolved;Bag found misrouted. Returned within 72h. Apology + 93 USD voucher. Label printer calibration scheduled to prevent recurrence.
CMP000046;CUST0189;FLT00243;BKG001134;2025-09-29;Baggage;Ma poussette enregistrée à ABJ est arrivée à BRU complètement détruite. L'article coûte 494 USD. Aucune solution proposée par le personnel au sol.;Baggage;Pending;Pending investigation — case assigned, no corrective action taken yet.
CMP000047;CUST0062;FLT00381;BKG001098;2025-12-20;Baggage;Baggage from flight HF438 delivered to wrong carousel. Found 2h later with broken handle and cracked shell. Requesting repair or 337 USD replacement compensation.;Baggage;Closed - No Action;Pending investigation — case assigned, no corrective action taken yet.
CMP000048;CUST0008;FLT00363;BKG001094;2025-03-06;Delay;Vol HF383 du 2025-10-29 retardé de 6h sans explication. L'équipe au sol était incapable de donner une heure révisée. J'avais un rendez-vous critique à BRU.;Operations;Resolved;Delay due to weather (force majeure) — no compensation per policy. Passenger notified with meteorological report reference.
CMP000049;CUST0226;FLT00175;BKG000378;2025-01-27;Delay;Retard de 3h sur le vol HF399 (ABJ?JNB). Aucun bon repas proposé. À l'arrivée à JNB, bagages livrés 9h plus tard. Désorganisation totale.;Operations;Closed - No Action;Pending investigation — case assigned, no corrective action taken yet.
CMP000050;CUST0044;FLT00128;BKG000243;2025-10-13;Delay;Vol HF941 annulé sans solution de remplacement immédiate. 670 USD remboursés sur 354 USD payés. Délai remboursement toujours en attente.;Operations;Escalated;Delay due to weather (force majeure) — no compensation per policy. Passenger notified with meteorological report reference.
CMP000051;CUST0031;FLT00313;BKG000204;2025-04-17;Service;Flight attendant argued loudly with a passenger on HF894. Entire cabin was uncomfortable. No supervisor intervened. Formal action expected.;Customer Service;Pending;Pending investigation — case assigned, no corrective action taken yet.
CMP000052;CUST0150;FLT00017;BKG000475;2025-05-28;Service;Flight attendant argued loudly with a passenger on HF260. Entire cabin was uncomfortable. No supervisor intervened. Formal action expected.;Customer Service;Resolved;Catering supplier notified of pre-order failure. Special meal flagging system under review. Passenger offered complimentary meal next flight.
CMP000053;CUST0116;FLT00332;BKG000306;2025-05-17;Service;Flight attendant argued loudly with a passenger on HF172. Entire cabin was uncomfortable. No supervisor intervened. Formal action expected.;Customer Service;Pending;Pending investigation — case assigned, no corrective action taken yet.
CMP000054;CUST0277;FLT00253;BKG000897;2025-02-11;Ramp Ops;During disembarkation from HF911 at ACC, passengers kept on jet bridge 48 min in extreme heat. Ground crew communication nonexistent.;Ramp;Resolved;Root cause: inadequate pre-loading briefing. Mandatory briefing protocol reinstated. Logged in Safety Management System.
CMP000055;CUST0021;FLT00391;BKG000359;2025-08-29;Service;Check-in staff at ABJ overwhelmed. Waited 34 min in priority lane as Gold member. Agent dismissive about upgrade request despite availability showing online.;Customer Service;Escalated;Apology issued. Escalated to VP Customer Experience. 394 USD miles credited as goodwill gesture.
CMP000056;CUST0083;FLT00169;BKG000844;2025-12-22;Baggage;Baggage from flight HF285 delivered to wrong carousel. Found 2h later with broken handle and cracked shell. Requesting repair or 561 USD replacement compensation.;Baggage;Resolved;PIR confirmed. Bag located at ABJ hub — delivered within 48h. 220 USD emergency expense reimbursed. Loading checklist gap identified.
CMP000057;CUST0264;FLT00423;BKG000003;2025-12-03;Baggage;Trois bagages familiaux non chargés sur vol HF933. Promesse de livraison le lendemain. Cela fait 9 jours — toujours rien à CDG.;Baggage;Pending;Pending investigation — case assigned, no corrective action taken yet.
CMP000058;CUST0148;FLT00225;BKG001431;2025-09-06;Ramp Ops;Les équipes rampe ont endommagé la porte cargo lors du chargement du vol HF292. Départ retardé de 4h — incident évitable avec plus de soin.;Ramp;Resolved;Special assistance coordination gap identified. SSR flags now auto-forwarded to ramp team 4h before departure — fix deployed.
CMP000059;CUST0237;FLT00061;BKG001327;2025-03-20;Delay;Flight HF826 from ABJ to DKR was delayed 4h on 2025-03-23 with no gate announcement. I missed my connection and had to book an emergency hotel at 645 USD out of pocket.;Operations;Closed - No Action;Pending investigation — case assigned, no corrective action taken yet.
CMP000060;CUST0261;FLT00383;BKG000280;2025-02-05;Baggage;Ma valise est arrivée à JNB avec la serrure forcée et des objets manquants d'une valeur de 329 USD. Rapport PIR déposé (réf. HF3369) — aucune réponse depuis 9 jours.;Baggage;Pending;Pending investigation — case assigned, no corrective action taken yet.
CMP000061;CUST0248;FLT00177;BKG000681;2025-10-10;Delay;Retard de 4h sur le vol HF448 (ABJ?CDG). Aucun bon repas proposé. À l'arrivée à CDG, bagages livrés 2h plus tard. Désorganisation totale.;Operations;Escalated;Case closed — late inbound aircraft. Fleet Planning notified. Passenger offered priority rebooking on next available flight.
CMP000062;CUST0198;FLT00340;BKG001336;2025-03-19;Service;Repas servi froid sans choix sur vol HF990 (ABJ?CMN). Pour 874 USD en classe affaires, la qualité est bien en dessous du minimum acceptable.;Customer Service;Resolved;Catering supplier notified of pre-order failure. Special meal flagging system under review. Passenger offered complimentary meal next flight.
CMP000063;CUST0039;FLT00241;BKG000543;2025-06-23;Baggage;Trois bagages familiaux non chargés sur vol HF704. Promesse de livraison le lendemain. Cela fait 9 jours — toujours rien à JNB.;Baggage;Resolved;Damage claim approved. 123 USD compensation issued. Baggage team retrained on fragile item protocol. Logged in Ramp Quality tracker.
CMP000064;CUST0121;FLT00324;BKG001402;2025-05-28;Service;Flight attendant argued loudly with a passenger on HF972. Entire cabin was uncomfortable. No supervisor intervened. Formal action expected.;Customer Service;Resolved;Crew member identified and counseled. Formal apology sent. Refresher training on service standards scheduled for full cabin crew.
CMP000065;CUST0029;FLT00151;BKG000735;2025-07-11;Others;Denied boarding on HF200 despite confirmed booking HF1474. No immediate alternative offered. Had to book another carrier at double the price.;Customer Service;Pending;Pending investigation — case assigned, no corrective action taken yet.
CMP000066;CUST0119;FLT00237;BKG001307;2025-05-11;Baggage;Ma poussette enregistrée à ABJ est arrivée à CDG complètement détruite. L'article coûte 160 USD. Aucune solution proposée par le personnel au sol.;Baggage;Resolved;Damage claim approved. 304 USD compensation issued. Baggage team retrained on fragile item protocol. Logged in Ramp Quality tracker.
CMP000067;CUST0129;FLT00234;BKG000619;2025-04-12;Baggage;Trois bagages familiaux non chargés sur vol HF394. Promesse de livraison le lendemain. Cela fait 4 jours — toujours rien à BRU.;Baggage;Pending;Pending investigation — case assigned, no corrective action taken yet.
CMP000068;CUST0005;FLT00290;BKG001405;2025-01-26;Others;Points fidélité suite au vol HF342 du 2025-07-15 non crédités après 7 jours. En tant que Gold, j'attends ce crédit pour maintenir mon statut.;Customer Service;Escalated;Denied boarding compensation 387 USD paid per IATA policy. Overbooking model under review by Revenue Management.
CMP000069;CUST0050;FLT00463;BKG001286;2025-11-27;Others;Remboursement pour vol HF894 annulé le 2025-04-28 toujours non traité après 7 jours. Montant de 731 USD en attente. Trois relances sans réponse.;Customer Service;Pending;Pending investigation — case assigned, no corrective action taken yet.
CMP000070;CUST0188;FLT00272;BKG001028;2025-05-20;Delay;Vol HF693 du 2025-07-06 retardé de 3h sans explication. L'équipe au sol était incapable de donner une heure révisée. J'avais un rendez-vous critique à BYK.;Operations;Escalated;Case closed — late inbound aircraft. Fleet Planning notified. Passenger offered priority rebooking on next available flight.
CMP000071;CUST0188;FLT00047;BKG000809;2025-01-08;Ramp Ops;Wheelchair assistance requested at booking (HF4696) not arranged at ABJ. Had to navigate terminal independently. Serious accessibility failure.;Ramp;Resolved;Root cause: inadequate pre-loading briefing. Mandatory briefing protocol reinstated. Logged in Safety Management System.
CMP000072;CUST0013;FLT00318;BKG001150;2025-06-17;Delay;Vol HF788 du 2025-12-11 retardé de 4h sans explication. L'équipe au sol était incapable de donner une heure révisée. J'avais un rendez-vous critique à CMN.;Operations;Resolved;Escalated to Operations Director. Apology letter + 395 USD travel voucher sent. 30-min buffer added to rotation schedule for this route.
CMP000073;CUST0050;FLT00121;BKG001101;2025-03-11;Others;Points fidélité suite au vol HF750 du 2025-08-26 non crédités après 8 jours. En tant que Gold, j'attends ce crédit pour maintenir mon statut.;Customer Service;Resolved;Refund of 205 USD processed within 5 business days. IT team notified — booking system fix deployed in next release.
CMP000074;CUST0112;FLT00228;BKG000911;2025-05-01;Baggage;Luggage did not arrive on flight HF529 from ABJ to JNB on 2025-10-28. After 8 days no update. I was traveling for a conference — emergency expenses of 181 USD claimed.;Baggage;Resolved;Item reported missing. 193 USD interim payment issued pending investigation. CCTV review requested with destination airport.
CMP000075;CUST0011;FLT00026;BKG000684;2025-05-05;Ramp Ops;Boarding for flight HF657 was chaotic. Passengers held on tarmac in rain for 45 min with no shelter. No staff to assist elderly passengers.;Ramp;Resolved;Special assistance coordination gap identified. SSR flags now auto-forwarded to ramp team 4h before departure — fix deployed.
CMP000076;CUST0075;FLT00067;BKG001107;2025-05-09;Others;Purchased Flex fare for HF170 and tried to change booking online. System error for 5 days. Called support, on hold 72 min then disconnected. Missed change window.;Customer Service;Escalated;Denied boarding compensation 355 USD paid per IATA policy. Overbooking model under review by Revenue Management.
CMP000077;CUST0216;FLT00270;BKG000233;2025-02-02;Ramp Ops;Boarding for flight HF234 was chaotic. Passengers held on tarmac in rain for 57 min with no shelter. No staff to assist elderly passengers.;Ramp;Resolved;Special assistance coordination gap identified. SSR flags now auto-forwarded to ramp team 4h before departure — fix deployed.
CMP000078;CUST0032;FLT00246;BKG000823;2025-08-07;Baggage;Trois bagages familiaux non chargés sur vol HF707. Promesse de livraison le lendemain. Cela fait 10 jours — toujours rien à JNB.;Baggage;Escalated;PIR confirmed. Bag located at ABJ hub — delivered within 48h. 204 USD emergency expense reimbursed. Loading checklist gap identified.
CMP000079;CUST0272;FLT00151;BKG000930;2025-09-16;Service;Repas servi froid sans choix sur vol HF175 (ABJ?BRU). Pour 209 USD en classe affaires, la qualité est bien en dessous du minimum acceptable.;Customer Service;Resolved;Apology issued. Escalated to VP Customer Experience. 216 USD miles credited as goodwill gesture.
CMP000080;CUST0213;FLT00374;BKG000195;2025-06-10;Service;Repas servi froid sans choix sur vol HF973 (ABJ?SPY). Pour 542 USD en classe affaires, la qualité est bien en dessous du minimum acceptable.;Customer Service;Resolved;Catering supplier notified of pre-order failure. Special meal flagging system under review. Passenger offered complimentary meal next flight.
CMP000081;CUST0067;FLT00285;BKG000123;2025-10-28;Baggage;Baggage from flight HF256 delivered to wrong carousel. Found 2h later with broken handle and cracked shell. Requesting repair or 167 USD replacement compensation.;Baggage;Pending;Pending investigation — case assigned, no corrective action taken yet.
CMP000082;CUST0260;FLT00109;BKG000317;2025-12-03;Others;Promotional upgrade link for ABJ-SPY was broken. Offer expired before IT fix. Requesting upgrade at advertised price.;Customer Service;Pending;Pending investigation — case assigned, no corrective action taken yet.
CMP000083;CUST0286;FLT00014;BKG001248;2025-12-03;Baggage;Ma poussette enregistrée à ABJ est arrivée à CMN complètement détruite. L'article coûte 365 USD. Aucune solution proposée par le personnel au sol.;Baggage;Escalated;Claim under review. Customer given weekly updates. Coordinating with destination baggage team — target resolution 10 business days.
CMP000084;CUST0073;FLT00380;BKG001297;2025-01-16;Ramp Ops;Wheelchair assistance requested at booking (HF3347) not arranged at ABJ. Had to navigate terminal independently. Serious accessibility failure.;Ramp;Resolved;Ramp Supervisor debriefed. Tarmac shelter protocol added to Standard Operating Procedures immediately.
CMP000085;CUST0081;FLT00387;BKG001266;2025-01-26;Delay;Vol HF529 du 2025-08-21 retardé de 4h sans explication. L'équipe au sol était incapable de donner une heure révisée. J'avais un rendez-vous critique à CDG.;Operations;Pending;Pending investigation — case assigned, no corrective action taken yet.
CMP000086;CUST0146;FLT00348;BKG001390;2025-10-31;Service;Repas servi froid sans choix sur vol HF597 (ABJ?CDG). Pour 300 USD en classe affaires, la qualité est bien en dessous du minimum acceptable.;Customer Service;Resolved;Crew member identified and counseled. Formal apology sent. Refresher training on service standards scheduled for full cabin crew.
CMP000087;CUST0149;FLT00168;BKG000246;2025-01-04;Baggage;Baggage from flight HF325 delivered to wrong carousel. Found 2h later with broken handle and cracked shell. Requesting repair or 289 USD replacement compensation.;Baggage;Pending;Pending investigation — case assigned, no corrective action taken yet.
CMP000088;CUST0010;FLT00236;BKG000160;2025-06-10;Baggage;Luggage did not arrive on flight HF489 from ABJ to ACC on 2025-09-30. After 10 days no update. I was traveling for a conference — emergency expenses of 764 USD claimed.;Baggage;Resolved;Bag found misrouted. Returned within 72h. Apology + 253 USD voucher. Label printer calibration scheduled to prevent recurrence.
CMP000089;CUST0055;FLT00125;BKG000893;2025-10-29;Service;Repas servi froid sans choix sur vol HF396 (ABJ?CDG). Pour 255 USD en classe affaires, la qualité est bien en dessous du minimum acceptable.;Customer Service;Pending;Pending investigation — case assigned, no corrective action taken yet.
CMP000090;CUST0262;FLT00100;BKG000716;2025-06-29;Baggage;Luggage did not arrive on flight HF863 from ABJ to LOS on 2025-06-23. After 7 days no update. I was traveling for a conference — emergency expenses of 252 USD claimed.;Baggage;Resolved;Claim under review. Customer given weekly updates. Coordinating with destination baggage team — target resolution 10 business days.
CMP000091;CUST0289;FLT00390;BKG001187;2025-08-18;Service;Repas servi froid sans choix sur vol HF341 (ABJ?ACC). Pour 257 USD en classe affaires, la qualité est bien en dessous du minimum acceptable.;Customer Service;Escalated;Catering supplier notified of pre-order failure. Special meal flagging system under review. Passenger offered complimentary meal next flight.
CMP000092;CUST0029;FLT00181;BKG001040;2025-02-07;Service;Check-in staff at ABJ overwhelmed. Waited 48 min in priority lane as Gold member. Agent dismissive about upgrade request despite availability showing online.;Customer Service;Escalated;Incident report filed with In-Flight Service Director. Customer compensated 373 USD travel credit. Crew behavior under review.
CMP000093;CUST0022;FLT00231;BKG001171;2025-11-30;Delay;Vol HF477 annulé sans solution de remplacement immédiate. 688 USD remboursés sur 819 USD payés. Délai remboursement toujours en attente.;Operations;Resolved;Case closed — late inbound aircraft. Fleet Planning notified. Passenger offered priority rebooking on next available flight.
CMP000094;CUST0021;FLT00127;BKG001450;2025-08-13;Delay;Vol HF254 du 2025-02-01 retardé de 5h sans explication. L'équipe au sol était incapable de donner une heure révisée. J'avais un rendez-vous critique à JNB.;Operations;Pending;Pending investigation — case assigned, no corrective action taken yet.
CMP000095;CUST0034;FLT00169;BKG000194;2025-10-13;Others;Denied boarding on HF472 despite confirmed booking HF1857. No immediate alternative offered. Had to book another carrier at double the price.;Customer Service;Pending;Pending investigation — case assigned, no corrective action taken yet.
CMP000096;CUST0287;FLT00193;BKG001318;2025-06-18;Service;Cabin crew on flight HF441 was dismissive. Pre-ordered vegetarian meal unavailable — no apology, no alternative. As a Silver member this is unacceptable.;Customer Service;Resolved;Incident report filed with In-Flight Service Director. Customer compensated 354 USD travel credit. Crew behavior under review.
CMP000097;CUST0175;FLT00393;BKG000996;2025-04-09;Ramp Ops;Bus de transfert vers HF195 surchargé — passagers debout sans ceinture sur le tarmac. Risque sécurité évident. Gestion rampe à revoir d'urgence.;Ramp;Pending;Pending investigation — case assigned, no corrective action taken yet.
CMP000098;CUST0068;FLT00306;BKG000772;2025-03-20;Delay;As a Gold member I expect minimum transparency. Flight HF402 departed 6h late — zero proactive communication, no meal vouchers, no rebooking assistance.;Operations;Resolved;Case closed — late inbound aircraft. Fleet Planning notified. Passenger offered priority rebooking on next available flight.
CMP000099;CUST0120;FLT00274;BKG000490;2025-06-08;Delay;As a Gold member I expect minimum transparency. Flight HF838 departed 2h late — zero proactive communication, no meal vouchers, no rebooking assistance.;Operations;Escalated;Escalated to Operations Director. Apology letter + 362 USD travel voucher sent. 30-min buffer added to rotation schedule for this route.
CMP000100;CUST0083;FLT00419;BKG000409;2025-11-06;Others;Promotional upgrade link for ABJ-DKR was broken. Offer expired before IT fix. Requesting upgrade at advertised price.;Customer Service;Escalated;Online change tool bug logged with IT. Fare difference waived as goodwill — passenger rebooked at no extra cost.
CMP000101;CUST0231;FLT00464;BKG001052;2025-03-17;Delay;Vol HF995 du 2025-07-10 retardé de 6h sans explication. L'équipe au sol était incapable de donner une heure révisée. J'avais un rendez-vous critique à BRU.;Operations;Resolved;Delay due to weather (force majeure) — no compensation per policy. Passenger notified with meteorological report reference.
CMP000102;CUST0042;FLT00192;BKG000460;2025-01-15;Ramp Ops;Bus de transfert vers HF936 surchargé — passagers debout sans ceinture sur le tarmac. Risque sécurité évident. Gestion rampe à revoir d'urgence.;Ramp;Resolved;Passenger compensated 241 USD. Additional staff allocated to peak-hour departures on this route.
CMP000103;CUST0041;FLT00010;BKG000525;2025-04-21;Delay;Vol HF910 annulé sans solution de remplacement immédiate. 563 USD remboursés sur 442 USD payés. Délai remboursement toujours en attente.;Operations;Resolved;Passenger contacted and apologized. Meal voucher 279 USD issued. Delay cause (ATC slot) forwarded to Network Operations for schedule review.
CMP000104;CUST0235;FLT00033;BKG000228;2025-09-13;Ramp Ops;Les équipes rampe ont endommagé la porte cargo lors du chargement du vol HF533. Départ retardé de 4h — incident évitable avec plus de soin.;Ramp;Pending;Pending investigation — case assigned, no corrective action taken yet.
CMP000105;CUST0044;FLT00269;BKG000739;2025-02-04;Service;Repas servi froid sans choix sur vol HF688 (ABJ?JNB). Pour 81 USD en classe affaires, la qualité est bien en dessous du minimum acceptable.;Customer Service;Resolved;Check-in team lead notified. Priority lane procedures reviewed. Passenger offered complimentary upgrade on next booking as goodwill.
CMP000106;CUST0183;FLT00404;BKG000139;2025-06-26;Others;Purchased Flex fare for HF667 and tried to change booking online. System error for 9 days. Called support, on hold 22 min then disconnected. Missed change window.;Customer Service;Pending;Pending investigation — case assigned, no corrective action taken yet.
CMP000107;CUST0238;FLT00357;BKG000981;2025-11-20;Delay;Vol HF890 du 2025-10-25 retardé de 4h sans explication. L'équipe au sol était incapable de donner une heure révisée. J'avais un rendez-vous critique à SPY.;Operations;Pending;Pending investigation — case assigned, no corrective action taken yet.
CMP000108;CUST0279;FLT00243;BKG000519;2025-01-19;Delay;Vol HF137 annulé sans solution de remplacement immédiate. 284 USD remboursés sur 342 USD payés. Délai remboursement toujours en attente.;Operations;Resolved;Escalated to Operations Director. Apology letter + 208 USD travel voucher sent. 30-min buffer added to rotation schedule for this route.
CMP000109;CUST0174;FLT00096;BKG001017;2025-12-21;Service;Repas servi froid sans choix sur vol HF982 (ABJ?CMN). Pour 898 USD en classe affaires, la qualité est bien en dessous du minimum acceptable.;Customer Service;Resolved;Catering supplier notified of pre-order failure. Special meal flagging system under review. Passenger offered complimentary meal next flight.
CMP000110;CUST0053;FLT00041;BKG000672;2025-12-05;Baggage;Baggage from flight HF373 delivered to wrong carousel. Found 2h later with broken handle and cracked shell. Requesting repair or 696 USD replacement compensation.;Baggage;Closed - No Action;Pending investigation — case assigned, no corrective action taken yet.
CMP000111;CUST0208;FLT00187;BKG001051;2025-12-14;Delay;Flight HF270 from ABJ to CDG was delayed 5h on 2025-12-20 with no gate announcement. I missed my connection and had to book an emergency hotel at 123 USD out of pocket.;Operations;Resolved;Passenger contacted and apologized. Meal voucher 190 USD issued. Delay cause (ATC slot) forwarded to Network Operations for schedule review.
CMP000112;CUST0079;FLT00348;BKG000922;2025-07-09;Delay;Vol HF135 annulé sans solution de remplacement immédiate. 740 USD remboursés sur 675 USD payés. Délai remboursement toujours en attente.;Operations;Resolved;Passenger contacted and apologized. Meal voucher 246 USD issued. Delay cause (ATC slot) forwarded to Network Operations for schedule review.
CMP000113;CUST0266;FLT00199;BKG001151;2025-03-02;Baggage;Ma valise est arrivée à ACC avec la serrure forcée et des objets manquants d'une valeur de 365 USD. Rapport PIR déposé (réf. HF2858) — aucune réponse depuis 7 jours.;Baggage;Escalated;Bag found misrouted. Returned within 72h. Apology + 63 USD voucher. Label printer calibration scheduled to prevent recurrence.
CMP000114;CUST0045;FLT00415;BKG001397;2025-06-13;Delay;Vol HF319 du 2025-11-10 retardé de 4h sans explication. L'équipe au sol était incapable de donner une heure révisée. J'avais un rendez-vous critique à BRU.;Operations;Resolved;Escalated to Operations Director. Apology letter + 281 USD travel voucher sent. 30-min buffer added to rotation schedule for this route.
CMP000115;CUST0063;FLT00103;BKG000285;2025-05-02;Service;Personnel bord vol HF655 peu professionnel. Ignoré plusieurs fois lors du service. Une hôtesse a répondu sèchement à ma demande de couverture.;Customer Service;Pending;Pending investigation — case assigned, no corrective action taken yet.
CMP000116;CUST0270;FLT00211;BKG000839;2025-10-22;Ramp Ops;Wheelchair assistance requested at booking (HF2077) not arranged at ABJ. Had to navigate terminal independently. Serious accessibility failure.;Ramp;Resolved;Passenger compensated 208 USD. Additional staff allocated to peak-hour departures on this route.
CMP000117;CUST0258;FLT00467;BKG000114;2025-03-05;Delay;Retard de 6h sur le vol HF560 (ABJ?SPY). Aucun bon repas proposé. À l'arrivée à SPY, bagages livrés 7h plus tard. Désorganisation totale.;Operations;Closed - No Action;Pending investigation — case assigned, no corrective action taken yet.
CMP000118;CUST0065;FLT00321;BKG000621;2025-11-11;Baggage;Ma poussette enregistrée à ABJ est arrivée à ACC complètement détruite. L'article coûte 370 USD. Aucune solution proposée par le personnel au sol.;Baggage;Resolved;Item reported missing. 150 USD interim payment issued pending investigation. CCTV review requested with destination airport.
CMP000119;CUST0024;FLT00329;BKG001182;2025-05-16;Baggage;Luggage did not arrive on flight HF706 from ABJ to ACC on 2025-10-25. After 4 days no update. I was traveling for a conference — emergency expenses of 719 USD claimed.;Baggage;Pending;Pending investigation — case assigned, no corrective action taken yet.
CMP000120;CUST0153;FLT00233;BKG000150;2025-12-19;Service;Personnel bord vol HF732 peu professionnel. Ignoré plusieurs fois lors du service. Une hôtesse a répondu sèchement à ma demande de couverture.;Customer Service;Escalated;Catering supplier notified of pre-order failure. Special meal flagging system under review. Passenger offered complimentary meal next flight.
CMP000121;CUST0264;FLT00288;BKG000218;2025-06-13;Delay;Vol HF575 du 2025-04-15 retardé de 4h sans explication. L'équipe au sol était incapable de donner une heure révisée. J'avais un rendez-vous critique à BRU.;Operations;Resolved;Delay due to weather (force majeure) — no compensation per policy. Passenger notified with meteorological report reference.
CMP000122;CUST0161;FLT00098;BKG000327;2025-09-13;Delay;As a Gold member I expect minimum transparency. Flight HF353 departed 2h late — zero proactive communication, no meal vouchers, no rebooking assistance.;Operations;Resolved;Case closed — late inbound aircraft. Fleet Planning notified. Passenger offered priority rebooking on next available flight.
CMP000123;CUST0026;FLT00145;BKG001014;2025-11-02;Others;Denied boarding on HF609 despite confirmed booking HF4524. No immediate alternative offered. Had to book another carrier at double the price.;Customer Service;Resolved;Refund of 348 USD processed within 5 business days. IT team notified — booking system fix deployed in next release.
CMP000124;CUST0024;FLT00206;BKG000105;2025-10-19;Ramp Ops;During disembarkation from HF392 at BRU, passengers kept on jet bridge 47 min in extreme heat. Ground crew communication nonexistent.;Ramp;Pending;Pending investigation — case assigned, no corrective action taken yet.
CMP000125;CUST0192;FLT00407;BKG000695;2025-10-13;Baggage;Luggage did not arrive on flight HF175 from ABJ to LOS on 2025-07-17. After 9 days no update. I was traveling for a conference — emergency expenses of 643 USD claimed.;Baggage;Resolved;Bag found misrouted. Returned within 72h. Apology + 115 USD voucher. Label printer calibration scheduled to prevent recurrence.
CMP000126;CUST0234;FLT00077;BKG001242;2025-09-21;Others;Points fidélité suite au vol HF716 du 2025-09-18 non crédités après 10 jours. En tant que Gold, j'attends ce crédit pour maintenir mon statut.;Customer Service;Escalated;Upgrade granted at advertised price. Web team notified — email campaign QA to include link validation going forward.
CMP000127;CUST0289;FLT00154;BKG000973;2025-01-09;Delay;Retard de 6h sur le vol HF266 (ABJ?CMN). Aucun bon repas proposé. À l'arrivée à CMN, bagages livrés 6h plus tard. Désorganisation totale.;Operations;Closed - No Action;Pending investigation — case assigned, no corrective action taken yet.
CMP000128;CUST0246;FLT00088;BKG001074;2025-11-19;Baggage;Ma poussette enregistrée à ABJ est arrivée à CDG complètement détruite. L'article coûte 751 USD. Aucune solution proposée par le personnel au sol.;Baggage;Pending;Pending investigation — case assigned, no corrective action taken yet.
CMP000129;CUST0215;FLT00078;BKG000846;2025-12-20;Service;Repas servi froid sans choix sur vol HF251 (ABJ?CDG). Pour 797 USD en classe affaires, la qualité est bien en dessous du minimum acceptable.;Customer Service;Escalated;Incident report filed with In-Flight Service Director. Customer compensated 59 USD travel credit. Crew behavior under review.
CMP000130;CUST0161;FLT00089;BKG000942;2025-09-30;Delay;Retard de 3h sur le vol HF993 (ABJ?BRU). Aucun bon repas proposé. À l'arrivée à BRU, bagages livrés 10h plus tard. Désorganisation totale.;Operations;Pending;Pending investigation — case assigned, no corrective action taken yet.
CMP000131;CUST0251;FLT00163;BKG000983;2025-06-28;Baggage;Baggage from flight HF724 delivered to wrong carousel. Found 2h later with broken handle and cracked shell. Requesting repair or 651 USD replacement compensation.;Baggage;Resolved;Damage claim approved. 202 USD compensation issued. Baggage team retrained on fragile item protocol. Logged in Ramp Quality tracker.
CMP000132;CUST0148;FLT00366;BKG000162;2025-06-27;Baggage;Luggage did not arrive on flight HF394 from ABJ to LOS on 2025-03-04. After 10 days no update. I was traveling for a conference — emergency expenses of 484 USD claimed.;Baggage;Closed - No Action;Pending investigation — case assigned, no corrective action taken yet.
CMP000133;CUST0123;FLT00125;BKG000104;2025-12-09;Others;Promotional upgrade link for ABJ-BRU was broken. Offer expired before IT fix. Requesting upgrade at advertised price.;Customer Service;Pending;Pending investigation — case assigned, no corrective action taken yet.
CMP000134;CUST0209;FLT00335;BKG000975;2025-09-02;Ramp Ops;Les équipes rampe ont endommagé la porte cargo lors du chargement du vol HF153. Départ retardé de 5h — incident évitable avec plus de soin.;Ramp;Resolved;Special assistance coordination gap identified. SSR flags now auto-forwarded to ramp team 4h before departure — fix deployed.
CMP000135;CUST0091;FLT00479;BKG000075;2025-07-23;Service;Personnel bord vol HF428 peu professionnel. Ignoré plusieurs fois lors du service. Une hôtesse a répondu sèchement à ma demande de couverture.;Customer Service;Escalated;Catering supplier notified of pre-order failure. Special meal flagging system under review. Passenger offered complimentary meal next flight.
CMP000136;CUST0269;FLT00253;BKG000275;2025-09-16;Service;Repas servi froid sans choix sur vol HF997 (ABJ?LOS). Pour 697 USD en classe affaires, la qualité est bien en dessous du minimum acceptable.;Customer Service;Resolved;Apology issued. Escalated to VP Customer Experience. 195 USD miles credited as goodwill gesture.
CMP000137;CUST0090;FLT00313;BKG001309;2025-07-27;Baggage;Ma poussette enregistrée à ABJ est arrivée à SPY complètement détruite. L'article coûte 270 USD. Aucune solution proposée par le personnel au sol.;Baggage;Resolved;Damage claim approved. 201 USD compensation issued. Baggage team retrained on fragile item protocol. Logged in Ramp Quality tracker.
CMP000138;CUST0197;FLT00121;BKG000915;2025-05-17;Ramp Ops;During disembarkation from HF510 at SPY, passengers kept on jet bridge 28 min in extreme heat. Ground crew communication nonexistent.;Ramp;Pending;Pending investigation — case assigned, no corrective action taken yet.
CMP000139;CUST0258;FLT00473;BKG001441;2025-06-09;Others;Remboursement pour vol HF367 annulé le 2025-12-01 toujours non traité après 5 jours. Montant de 763 USD en attente. Trois relances sans réponse.;Customer Service;Resolved;Online change tool bug logged with IT. Fare difference waived as goodwill — passenger rebooked at no extra cost.
CMP000140;CUST0213;FLT00360;BKG001125;2025-08-30;Service;Check-in staff at ABJ overwhelmed. Waited 28 min in priority lane as Gold member. Agent dismissive about upgrade request despite availability showing online.;Customer Service;Pending;Pending investigation — case assigned, no corrective action taken yet.
CMP000141;CUST0032;FLT00425;BKG001122;2025-09-16;Service;Flight attendant argued loudly with a passenger on HF880. Entire cabin was uncomfortable. No supervisor intervened. Formal action expected.;Customer Service;Escalated;Crew member identified and counseled. Formal apology sent. Refresher training on service standards scheduled for full cabin crew.
CMP000142;CUST0229;FLT00415;BKG000114;2025-08-21;Delay;Vol HF435 annulé sans solution de remplacement immédiate. 290 USD remboursés sur 897 USD payés. Délai remboursement toujours en attente.;Operations;Pending;Pending investigation — case assigned, no corrective action taken yet.
CMP000143;CUST0217;FLT00177;BKG001435;2025-02-02;Delay;Flight HF672 from ABJ to BYK was delayed 4h on 2025-08-25 with no gate announcement. I missed my connection and had to book an emergency hotel at 340 USD out of pocket.;Operations;Resolved;Passenger contacted and apologized. Meal voucher 346 USD issued. Delay cause (ATC slot) forwarded to Network Operations for schedule review.
CMP000144;CUST0194;FLT00193;BKG000165;2025-12-16;Baggage;Trois bagages familiaux non chargés sur vol HF583. Promesse de livraison le lendemain. Cela fait 8 jours — toujours rien à SPY.;Baggage;Resolved;Bag found misrouted. Returned within 72h. Apology + 241 USD voucher. Label printer calibration scheduled to prevent recurrence.
CMP000145;CUST0153;FLT00238;BKG001380;2025-10-06;Others;Purchased Flex fare for HF769 and tried to change booking online. System error for 4 days. Called support, on hold 54 min then disconnected. Missed change window.;Customer Service;Escalated;Refund of 164 USD processed within 5 business days. IT team notified — booking system fix deployed in next release.
CMP000146;CUST0009;FLT00124;BKG000423;2025-02-04;Baggage;Trois bagages familiaux non chargés sur vol HF353. Promesse de livraison le lendemain. Cela fait 4 jours — toujours rien à DKR.;Baggage;Resolved;Claim under review. Customer given weekly updates. Coordinating with destination baggage team — target resolution 10 business days.
CMP000147;CUST0120;FLT00418;BKG001499;2025-10-22;Delay;Vol HF350 annulé sans solution de remplacement immédiate. 632 USD remboursés sur 522 USD payés. Délai remboursement toujours en attente.;Operations;Resolved;Delay due to weather (force majeure) — no compensation per policy. Passenger notified with meteorological report reference.
CMP000148;CUST0090;FLT00321;BKG001391;2025-08-07;Delay;Vol HF342 annulé sans solution de remplacement immédiate. 503 USD remboursés sur 607 USD payés. Délai remboursement toujours en attente.;Operations;Pending;Pending investigation — case assigned, no corrective action taken yet.
CMP000149;CUST0095;FLT00387;BKG001102;2025-08-31;Baggage;Baggage from flight HF758 delivered to wrong carousel. Found 2h later with broken handle and cracked shell. Requesting repair or 793 USD replacement compensation.;Baggage;Resolved;Bag found misrouted. Returned within 72h. Apology + 126 USD voucher. Label printer calibration scheduled to prevent recurrence.
CMP000150;CUST0131;FLT00105;BKG000677;2025-11-28;Delay;Retard de 2h sur le vol HF925 (ABJ?ACC). Aucun bon repas proposé. À l'arrivée à ACC, bagages livrés 10h plus tard. Désorganisation totale.;Operations;Resolved;Compensation 118 USD processed per IATA delay policy. Internal debrief with ground ops scheduled. OTP dashboard updated with incident flag.
