customer_id;first_name;last_name;gender;birth_date;country;city;customer_segment;loyalty_tier;signup_date;preferred_channel
CUST0001;Mariam;Ouattara;F;1969-09-04;Senegal;Dakar;Standard;Gold;2023-08-08;Web
CUST0002;Amadou;Ouattara;F;1980-02-18;Côte d'Ivoire;Bouaké;Budget;Explorer;2023-08-17;Web
CUST0003;Didier;Ouattara;F;1979-01-18;France;Paris;Standard;None;2023-05-01;Travel Agency
CUST0004;Aminata;Diallo;F;1977-06-04;France;Paris;Standard;Explorer;2024-05-23;Corporate Desk
CUST0005;Nadia;Ndiaye;M;1988-05-08;Senegal;Dakar;Business;None;2024-08-11;Travel Agency
CUST0006;Nadia;Amani;M;1983-10-03;France;Paris;Standard;None;2023-12-17;Mobile App
CUST0007;Amadou;Konan;F;2000-10-26;Nigeria;Lagos;Standard;Explorer;2024-05-23;Corporate Desk
CUST0008;Koffi;Mensah;M;1969-01-24;Côte d'Ivoire;Yamoussoukro;Standard;Explorer;2024-11-28;Corporate Desk
CUST0009;Serge;Ouattara;M;1966-08-12;Senegal;Dakar;Standard;Explorer;2023-08-12;Travel Agency
CUST0010;Serge;Kouassi;M;1990-08-03;Ghana;Accra;Standard;Explorer;2023-05-21;Corporate Desk
CUST0011;Fatou;Ouattara;M;1989-04-05;France;Paris;Budget;None;2023-08-27;Web
CUST0012;Didier;Diallo;M;1983-01-05;Nigeria;Lagos;Standard;Explorer;2023-11-23;Mobile App
CUST0013;Bintou;Ndiaye;F;1994-11-26;Benin;Cotonou;Standard;Explorer;2024-05-08;Corporate Desk
CUST0014;Yao;Traore;F;1993-03-04;Côte d'Ivoire;Bouaké;Standard;None;2024-08-03;Mobile App
CUST0015;Koffi;Amani;F;1969-04-20;France;Paris;Budget;None;2023-12-22;Travel Agency
CUST0016;Koffi;Traore;M;1994-08-16;Nigeria;Lagos;Budget;None;2023-12-17;Travel Agency
CUST0017;Serge;Diallo;F;1978-09-12;Nigeria;Lagos;Business;Gold;2024-06-24;Travel Agency
CUST0018;Koffi;Mensah;M;1975-06-25;Benin;Cotonou;Standard;Silver;2023-12-04;Mobile App
CUST0019;Yao;Kouassi;M;1979-04-17;France;Paris;Standard;None;2023-01-29;Travel Agency
CUST0020;Fatou;Kouassi;M;1993-12-12;Nigeria;Lagos;Budget;None;2024-04-26;Mobile App
CUST0021;Yao;Kone;F;1995-11-12;Senegal;Dakar;Business;None;2024-02-02;Mobile App
CUST0022;Mariam;Ouattara;M;1970-12-13;Nigeria;Lagos;Standard;Gold;2023-06-12;Mobile App
CUST0023;Awa;Diallo;M;1974-10-27;Ghana;Accra;Business;Explorer;2024-07-15;Mobile App
CUST0024;Awa;Traore;F;1992-04-27;Côte d'Ivoire;Abidjan;Budget;None;2024-05-28;Mobile App
CUST0025;Jean;Mensah;M;1973-01-24;France;Paris;Business;Silver;2024-06-13;Corporate Desk
CUST0026;Mariam;Sow;F;1998-09-01;France;Paris;Business;Explorer;2023-06-03;Mobile App
CUST0027;Nadia;Ndiaye;F;2000-01-11;Ghana;Accra;Business;None;2024-07-27;Web
CUST0028;Yao;Mensah;F;1971-09-15;Ghana;Accra;Business;Gold;2024-03-29;Travel Agency
CUST0029;Bintou;Ndiaye;F;1982-08-17;France;Paris;Standard;None;2024-06-19;Travel Agency
CUST0030;Yao;Kone;F;1991-02-13;France;Paris;Standard;Silver;2024-03-14;Web
CUST0031;Aminata;Mensah;F;1974-12-21;Ghana;Accra;Budget;Gold;2024-04-23;Mobile App
CUST0032;Koffi;Ouattara;M;1975-11-27;Benin;Cotonou;Budget;Explorer;2024-06-11;Corporate Desk
CUST0033;Amadou;Kouassi;M;1985-02-24;Senegal;Dakar;Budget;Explorer;2024-03-27;Web
CUST0034;Jean;Sow;M;1997-02-04;Nigeria;Lagos;Premium;None;2023-09-29;Travel Agency
CUST0035;Mariam;Mensah;F;1992-11-27;Côte d'Ivoire;Bouaké;Standard;Explorer;2024-06-11;Corporate Desk
CUST0036;Jean;Traore;M;1968-12-06;Benin;Cotonou;Business;None;2023-01-18;Web
CUST0037;Koffi;Ndiaye;F;1969-05-28;Senegal;Dakar;Standard;None;2024-07-20;Corporate Desk
CUST0038;Didier;Diallo;F;1998-12-08;Senegal;Dakar;Premium;None;2023-07-05;Mobile App
CUST0039;Aminata;Mensah;F;1983-08-17;Senegal;Dakar;Standard;Silver;2023-09-14;Web
CUST0040;Awa;Sow;F;1997-08-08;Côte d'Ivoire;Bouaké;Budget;Silver;2024-03-18;Corporate Desk
CUST0041;Amadou;Sow;M;1978-04-11;France;Paris;Business;Silver;2024-10-13;Mobile App
CUST0042;Jean;Konan;F;1965-02-21;Nigeria;Lagos;Standard;None;2024-11-12;Corporate Desk
CUST0043;Aminata;Mensah;F;1983-01-15;France;Paris;Budget;Explorer;2023-09-27;Travel Agency
CUST0044;Bintou;Amani;F;1967-05-07;Senegal;Dakar;Budget;None;2023-03-27;Corporate Desk
CUST0045;Bintou;Kouassi;F;1997-01-03;Senegal;Dakar;Business;None;2024-08-23;Web
CUST0046;Awa;Mensah;M;1979-02-19;Nigeria;Lagos;Business;Silver;2024-09-02;Corporate Desk
CUST0047;Serge;Kone;F;1983-12-20;Senegal;Dakar;Budget;Silver;2024-06-09;Corporate Desk
CUST0048;Serge;Sow;F;1998-09-19;Benin;Cotonou;Business;Explorer;2024-11-30;Mobile App
CUST0049;Awa;Konan;F;1988-02-13;Côte d'Ivoire;Bouaké;Standard;Explorer;2024-10-03;Mobile App
CUST0050;Fatou;Konan;M;1969-12-17;Nigeria;Lagos;Business;None;2024-04-30;Travel Agency
CUST0051;Fatou;Kouassi;F;1979-12-21;Côte d'Ivoire;Bouaké;Standard;Explorer;2024-05-05;Travel Agency
CUST0052;Didier;Kouassi;F;1974-06-09;Côte d'Ivoire;Yamoussoukro;Business;None;2024-08-04;Mobile App
CUST0053;Nadia;Konan;M;1982-11-04;Côte d'Ivoire;Yamoussoukro;Standard;Explorer;2024-06-12;Travel Agency
CUST0054;Nadia;Kone;F;2000-04-10;Nigeria;Lagos;Premium;None;2024-04-14;Web
CUST0055;Nadia;Mensah;M;1978-04-03;France;Paris;Budget;Explorer;2024-01-04;Mobile App
CUST0056;Aminata;Sow;M;1972-12-12;France;Paris;Standard;Gold;2024-02-08;Web
CUST0057;Awa;Kone;M;1990-05-24;Ghana;Accra;Standard;Explorer;2023-05-04;Travel Agency
CUST0058;Jean;Amani;M;1972-04-23;Côte d'Ivoire;Abidjan;Premium;None;2024-01-17;Web
CUST0059;Amadou;Ndiaye;F;1988-07-25;Nigeria;Lagos;Business;None;2023-02-22;Travel Agency
CUST0060;Mariam;Kouassi;M;1992-09-11;Benin;Cotonou;Business;Silver;2024-03-14;Web
CUST0061;Amadou;Sow;F;1970-01-24;Benin;Cotonou;Standard;Silver;2024-10-21;Travel Agency
CUST0062;Awa;Sow;F;1975-08-14;Nigeria;Lagos;Standard;None;2024-10-30;Travel Agency
CUST0063;Aminata;Kouassi;M;1995-09-22;Nigeria;Lagos;Budget;Explorer;2023-03-18;Mobile App
CUST0064;Nadia;Sow;F;1993-06-25;France;Paris;Standard;Explorer;2023-09-07;Web
CUST0065;Jean;Sow;F;1985-04-12;Ghana;Accra;Business;None;2023-01-21;Corporate Desk
CUST0066;Amadou;Sow;F;1989-05-11;Nigeria;Lagos;Standard;Explorer;2024-01-04;Mobile App
CUST0067;Bintou;Sow;F;1970-05-08;Benin;Cotonou;Standard;Explorer;2023-11-16;Web
CUST0068;Awa;Ouattara;M;1996-01-03;Ghana;Accra;Premium;Gold;2024-06-24;Corporate Desk
CUST0069;Yao;Traore;F;1974-03-17;Nigeria;Lagos;Premium;Silver;2024-10-24;Corporate Desk
CUST0070;Bintou;Konan;F;1973-04-19;Côte d'Ivoire;Abidjan;Standard;None;2023-05-12;Travel Agency
CUST0071;Aminata;Ouattara;F;1971-02-10;France;Paris;Standard;None;2024-09-07;Web
CUST0072;Bintou;Mensah;M;1982-06-21;Côte d'Ivoire;Abidjan;Standard;None;2023-09-10;Web
CUST0073;Serge;Mensah;F;1966-04-16;Nigeria;Lagos;Budget;None;2024-03-10;Travel Agency
CUST0074;Nadia;Konan;M;1991-06-22;Ghana;Accra;Budget;Silver;2024-05-31;Web
CUST0075;Nadia;Kouassi;M;1977-04-15;Ghana;Accra;Standard;Gold;2023-04-22;Corporate Desk
CUST0076;Mariam;Kouassi;M;1991-11-02;France;Paris;Premium;None;2023-01-25;Mobile App
CUST0077;Awa;Konan;F;1990-08-23;Nigeria;Lagos;Business;Gold;2023-06-19;Travel Agency
CUST0078;Mariam;Sow;M;1967-05-22;Ghana;Accra;Business;Gold;2024-03-29;Mobile App
CUST0079;Awa;Traore;M;1970-06-14;Côte d'Ivoire;Abidjan;Standard;Silver;2024-01-25;Travel Agency
CUST0080;Amadou;Traore;F;1995-04-12;Senegal;Dakar;Budget;Explorer;2024-04-30;Web
CUST0081;Amadou;Kouassi;M;1967-07-02;Benin;Cotonou;Budget;Gold;2023-09-21;Mobile App
CUST0082;Koffi;Ndiaye;M;1988-05-11;Benin;Cotonou;Standard;Silver;2023-11-21;Travel Agency
CUST0083;Awa;Ndiaye;F;1966-04-04;Senegal;Dakar;Business;Explorer;2024-01-31;Travel Agency
CUST0084;Nadia;Diallo;M;1976-01-26;Nigeria;Lagos;Business;Silver;2024-09-13;Mobile App
CUST0085;Jean;Kone;M;1970-09-07;Senegal;Dakar;Business;None;2023-03-08;Web
CUST0086;Bintou;Sow;M;1975-07-04;Nigeria;Lagos;Standard;None;2023-04-09;Corporate Desk
CUST0087;Serge;Kone;F;1979-03-14;Nigeria;Lagos;Standard;Silver;2024-07-05;Web
CUST0088;Fatou;Mensah;M;1988-05-24;Senegal;Dakar;Budget;None;2023-09-09;Mobile App
CUST0089;Fatou;Ndiaye;F;1985-02-13;Ghana;Accra;Premium;Explorer;2023-08-25;Web
CUST0090;Nadia;Konan;F;1965-08-27;Benin;Cotonou;Business;Gold;2023-02-11;Travel Agency
CUST0091;Koffi;Konan;F;1977-02-12;Ghana;Accra;Standard;None;2024-11-11;Web
CUST0092;Aminata;Ndiaye;M;1978-01-12;Côte d'Ivoire;Bouaké;Budget;None;2023-09-19;Web
CUST0093;Serge;Kouassi;F;1985-07-22;France;Paris;Budget;None;2023-07-28;Web
CUST0094;Bintou;Kone;F;1991-02-26;Nigeria;Lagos;Business;None;2024-06-30;Web
CUST0095;Mariam;Ouattara;M;1991-05-22;Benin;Cotonou;Standard;None;2024-08-03;Travel Agency
CUST0096;Amadou;Konan;M;1977-07-24;Nigeria;Lagos;Standard;None;2023-06-10;Corporate Desk
CUST0097;Koffi;Ouattara;M;1994-03-05;Côte d'Ivoire;Abidjan;Budget;None;2024-02-11;Web
CUST0098;Didier;Amani;F;1974-06-10;France;Paris;Standard;Gold;2023-04-22;Corporate Desk
CUST0099;Yao;Mensah;F;1967-08-11;Nigeria;Lagos;Standard;Explorer;2023-03-30;Mobile App
CUST0100;Yao;Ndiaye;M;1977-08-06;Benin;Cotonou;Budget;Gold;2023-06-10;Corporate Desk
CUST0101;Koffi;Diallo;F;1977-01-18;Senegal;Dakar;Business;None;2024-02-04;Corporate Desk
CUST0102;Aminata;Mensah;M;1984-10-08;France;Paris;Standard;Explorer;2024-05-30;Corporate Desk
CUST0103;Awa;Konan;M;1994-04-15;Ghana;Accra;Business;Silver;2024-02-14;Web
CUST0104;Mariam;Amani;M;1988-02-26;Côte d'Ivoire;Bouaké;Standard;Silver;2023-02-11;Mobile App
CUST0105;Serge;Amani;F;1968-09-13;Côte d'Ivoire;Yamoussoukro;Premium;None;2023-03-09;Web
CUST0106;Mariam;Kone;M;1975-11-26;Ghana;Accra;Budget;Explorer;2023-09-16;Mobile App
CUST0107;Didier;Mensah;M;1974-05-17;Senegal;Dakar;Standard;None;2024-06-02;Mobile App
CUST0108;Jean;Konan;F;1976-07-06;Senegal;Dakar;Business;Gold;2023-06-22;Travel Agency
CUST0109;Bintou;Konan;M;1993-09-17;Côte d'Ivoire;Yamoussoukro;Business;Gold;2023-09-16;Corporate Desk
CUST0110;Jean;Mensah;M;1988-10-05;Benin;Cotonou;Standard;None;2023-08-24;Mobile App
CUST0111;Serge;Konan;M;1998-05-10;France;Paris;Business;Silver;2023-08-15;Mobile App
CUST0112;Didier;Ouattara;M;1997-06-02;Senegal;Dakar;Standard;Explorer;2023-02-16;Web
CUST0113;Awa;Ndiaye;M;1984-02-17;Côte d'Ivoire;Bouaké;Standard;Explorer;2023-11-05;Mobile App
CUST0114;Jean;Ndiaye;M;1975-03-01;Ghana;Accra;Business;Explorer;2023-03-07;Mobile App
CUST0115;Fatou;Ouattara;M;1965-01-21;Benin;Cotonou;Standard;Explorer;2024-09-08;Corporate Desk
CUST0116;Mariam;Konan;F;1968-09-01;Ghana;Accra;Budget;None;2023-04-18;Web
CUST0117;Bintou;Kouassi;F;1991-04-17;France;Paris;Business;None;2023-11-13;Web
CUST0118;Aminata;Konan;M;1999-01-13;Senegal;Dakar;Business;Explorer;2024-11-02;Corporate Desk
CUST0119;Yao;Traore;M;1979-11-02;Ghana;Accra;Standard;Silver;2023-09-27;Web
CUST0120;Aminata;Sow;M;1998-05-10;Senegal;Dakar;Budget;Explorer;2023-06-23;Travel Agency
CUST0121;Serge;Kouassi;F;1985-04-13;Ghana;Accra;Standard;Explorer;2024-10-07;Corporate Desk
CUST0122;Bintou;Konan;F;1992-12-08;Nigeria;Lagos;Business;Explorer;2024-08-22;Web
CUST0123;Mariam;Diallo;F;1966-02-04;France;Paris;Standard;None;2023-01-30;Web
CUST0124;Mariam;Konan;F;1967-02-28;Côte d'Ivoire;Yamoussoukro;Business;None;2024-06-30;Web
CUST0125;Amadou;Traore;F;1978-04-04;Benin;Cotonou;Budget;Silver;2024-10-11;Web
CUST0126;Aminata;Mensah;M;1971-03-04;Benin;Cotonou;Standard;None;2023-09-25;Web
CUST0127;Fatou;Mensah;F;1988-06-25;Senegal;Dakar;Business;Explorer;2023-02-01;Corporate Desk
CUST0128;Amadou;Sow;F;1987-08-23;Côte d'Ivoire;Abidjan;Standard;None;2023-04-04;Travel Agency
CUST0129;Amadou;Konan;F;1983-01-01;Ghana;Accra;Standard;Explorer;2023-07-08;Corporate Desk
CUST0130;Jean;Sow;M;1975-05-27;France;Paris;Premium;None;2023-06-19;Web
CUST0131;Koffi;Kone;F;1985-06-04;Benin;Cotonou;Premium;Gold;2023-03-30;Corporate Desk
CUST0132;Awa;Amani;F;1984-05-14;Benin;Cotonou;Standard;Gold;2023-08-28;Corporate Desk
CUST0133;Bintou;Ndiaye;F;1987-10-11;Ghana;Accra;Business;Explorer;2024-07-21;Travel Agency
CUST0134;Nadia;Kone;M;1979-03-11;Ghana;Accra;Standard;Silver;2024-06-03;Mobile App
CUST0135;Fatou;Ndiaye;F;1974-04-24;Senegal;Dakar;Standard;None;2023-08-30;Travel Agency
CUST0136;Fatou;Traore;F;1971-04-13;Ghana;Accra;Premium;Silver;2023-11-01;Corporate Desk
CUST0137;Yao;Traore;F;1982-04-13;Senegal;Dakar;Budget;Explorer;2024-03-23;Mobile App
CUST0138;Aminata;Mensah;M;1966-03-09;France;Paris;Budget;None;2024-03-16;Corporate Desk
CUST0139;Aminata;Ndiaye;F;1976-11-04;Ghana;Accra;Standard;None;2023-04-11;Corporate Desk
CUST0140;Amadou;Diallo;M;1992-08-15;Ghana;Accra;Standard;Explorer;2024-11-22;Mobile App
CUST0141;Jean;Konan;M;1996-02-02;Benin;Cotonou;Standard;None;2023-07-24;Travel Agency
CUST0142;Didier;Kone;F;1995-09-01;Côte d'Ivoire;Yamoussoukro;Business;Explorer;2023-12-18;Corporate Desk
CUST0143;Nadia;Kouassi;F;1990-09-25;Benin;Cotonou;Business;Explorer;2024-10-14;Web
CUST0144;Fatou;Ouattara;M;1968-01-03;Senegal;Dakar;Premium;Explorer;2024-11-22;Travel Agency
CUST0145;Fatou;Traore;F;1984-12-13;France;Paris;Premium;Gold;2024-04-18;Mobile App
CUST0146;Mariam;Traore;F;1995-11-18;Ghana;Accra;Business;None;2024-11-13;Corporate Desk
CUST0147;Fatou;Sow;F;1995-06-26;Nigeria;Lagos;Standard;Explorer;2023-09-17;Corporate Desk
CUST0148;Mariam;Kone;F;1982-06-08;Benin;Cotonou;Standard;Explorer;2024-09-30;Web
CUST0149;Jean;Diallo;M;1989-01-03;Benin;Cotonou;Business;None;2023-12-20;Web
CUST0150;Awa;Kouassi;F;1983-05-20;Benin;Cotonou;Standard;Gold;2023-07-10;Corporate Desk
CUST0151;Mariam;Kouassi;M;1999-03-20;Senegal;Dakar;Business;Gold;2024-10-13;Travel Agency
CUST0152;Nadia;Kouassi;F;1993-11-04;Ghana;Accra;Standard;None;2023-05-23;Corporate Desk
CUST0153;Bintou;Konan;M;1994-03-23;Nigeria;Lagos;Standard;None;2024-09-05;Web
CUST0154;Jean;Kone;M;1983-08-12;Ghana;Accra;Standard;Gold;2023-03-19;Mobile App
CUST0155;Jean;Konan;F;1967-11-24;Benin;Cotonou;Business;None;2024-05-10;Corporate Desk
CUST0156;Awa;Kouassi;M;1973-06-04;Ghana;Accra;Standard;Silver;2024-07-21;Mobile App
CUST0157;Amadou;Amani;M;1981-09-02;Senegal;Dakar;Standard;Silver;2024-02-18;Travel Agency
CUST0158;Fatou;Sow;M;1978-11-16;France;Paris;Standard;None;2023-11-03;Mobile App
CUST0159;Aminata;Traore;F;1990-12-18;France;Paris;Standard;None;2023-11-04;Web
CUST0160;Awa;Kouassi;M;1968-09-18;Côte d'Ivoire;Yamoussoukro;Standard;None;2024-11-20;Web
CUST0161;Awa;Kone;F;1971-11-06;Ghana;Accra;Standard;None;2024-11-02;Web
CUST0162;Mariam;Mensah;M;1984-03-14;Senegal;Dakar;Standard;Explorer;2024-10-19;Web
CUST0163;Didier;Sow;F;1972-07-19;Nigeria;Lagos;Standard;None;2024-02-01;Mobile App
CUST0164;Amadou;Sow;F;1970-11-16;Nigeria;Lagos;Business;Explorer;2024-03-13;Web
CUST0165;Aminata;Traore;F;1978-02-05;Côte d'Ivoire;Bouaké;Budget;Silver;2023-09-06;Corporate Desk
CUST0166;Serge;Diallo;F;1988-12-23;Benin;Cotonou;Business;None;2024-10-05;Corporate Desk
CUST0167;Aminata;Mensah;F;1967-01-02;Nigeria;Lagos;Business;Silver;2024-09-25;Web
CUST0168;Fatou;Mensah;F;1996-10-02;Nigeria;Lagos;Standard;Explorer;2024-03-25;Corporate Desk
CUST0169;Mariam;Diallo;F;1988-11-06;Benin;Cotonou;Standard;Silver;2024-04-08;Travel Agency
CUST0170;Jean;Mensah;M;1968-10-21;France;Paris;Business;Silver;2023-01-16;Mobile App
CUST0171;Fatou;Ndiaye;M;1980-07-13;France;Paris;Standard;Gold;2024-04-07;Travel Agency
CUST0172;Awa;Amani;M;1982-07-06;Benin;Cotonou;Standard;None;2024-08-08;Mobile App
CUST0173;Bintou;Kone;M;1999-02-18;Senegal;Dakar;Business;None;2023-08-28;Travel Agency
CUST0174;Awa;Ouattara;M;1978-05-19;France;Paris;Business;Explorer;2023-03-31;Travel Agency
CUST0175;Yao;Ouattara;M;1998-06-16;Côte d'Ivoire;Yamoussoukro;Standard;None;2023-07-16;Web
CUST0176;Serge;Mensah;M;1987-07-25;Ghana;Accra;Standard;Gold;2024-05-20;Travel Agency
CUST0177;Jean;Kone;F;1974-06-20;Côte d'Ivoire;Abidjan;Standard;Explorer;2023-01-22;Web
CUST0178;Yao;Ndiaye;M;1978-05-25;Côte d'Ivoire;Bouaké;Standard;Gold;2024-08-30;Mobile App
CUST0179;Awa;Amani;F;1976-07-03;Senegal;Dakar;Budget;Explorer;2024-04-14;Corporate Desk
CUST0180;Didier;Ouattara;F;1970-05-11;Côte d'Ivoire;Yamoussoukro;Standard;None;2024-11-16;Corporate Desk
CUST0181;Nadia;Diallo;M;1980-12-08;Ghana;Accra;Budget;None;2023-12-27;Web
CUST0182;Awa;Konan;M;1997-12-24;France;Paris;Budget;None;2023-01-06;Mobile App
CUST0183;Serge;Mensah;M;1971-08-11;Benin;Cotonou;Standard;None;2024-05-07;Corporate Desk
CUST0184;Nadia;Kouassi;F;1965-08-23;Ghana;Accra;Business;None;2023-08-14;Web
CUST0185;Jean;Diallo;M;1971-07-27;France;Paris;Standard;Explorer;2023-12-14;Travel Agency
CUST0186;Nadia;Traore;M;1974-06-08;Ghana;Accra;Budget;Explorer;2023-05-29;Corporate Desk
CUST0187;Fatou;Ouattara;M;1980-03-01;Ghana;Accra;Standard;None;2023-06-21;Travel Agency
CUST0188;Koffi;Amani;M;1995-02-05;Nigeria;Lagos;Standard;Silver;2023-08-05;Corporate Desk
CUST0189;Koffi;Mensah;F;1988-07-09;Senegal;Dakar;Premium;None;2023-10-24;Corporate Desk
CUST0190;Awa;Mensah;F;1966-08-26;Ghana;Accra;Standard;Explorer;2024-06-23;Travel Agency
CUST0191;Jean;Ouattara;F;1991-04-09;Ghana;Accra;Budget;None;2023-08-24;Mobile App
CUST0192;Didier;Traore;F;1996-05-06;Ghana;Accra;Budget;Silver;2024-10-05;Mobile App
CUST0193;Fatou;Kouassi;F;1969-12-24;France;Paris;Business;Gold;2024-06-14;Travel Agency
CUST0194;Fatou;Kone;F;1965-07-25;Senegal;Dakar;Budget;Silver;2023-09-12;Mobile App
CUST0195;Jean;Konan;F;1988-10-20;France;Paris;Standard;Gold;2024-06-12;Web
CUST0196;Jean;Kouassi;M;1989-10-25;Côte d'Ivoire;Abidjan;Standard;None;2024-05-21;Corporate Desk
CUST0197;Awa;Sow;F;1966-04-03;France;Paris;Standard;None;2023-11-16;Travel Agency
CUST0198;Awa;Konan;F;1977-05-01;France;Paris;Standard;Silver;2023-04-16;Travel Agency
CUST0199;Serge;Diallo;F;1982-02-15;Côte d'Ivoire;Bouaké;Standard;Silver;2023-04-23;Web
CUST0200;Amadou;Diallo;F;1979-03-22;Côte d'Ivoire;Yamoussoukro;Standard;Explorer;2023-01-19;Corporate Desk
CUST0201;Amadou;Ndiaye;F;1990-01-25;Benin;Cotonou;Standard;None;2023-12-10;Corporate Desk
CUST0202;Jean;Ouattara;F;1985-09-05;France;Paris;Standard;Explorer;2024-10-09;Web
CUST0203;Koffi;Sow;F;1969-06-14;Senegal;Dakar;Standard;None;2023-05-23;Corporate Desk
CUST0204;Nadia;Konan;F;1967-11-20;Nigeria;Lagos;Premium;Explorer;2024-10-05;Web
CUST0205;Koffi;Mensah;F;1998-01-14;France;Paris;Premium;None;2023-11-09;Travel Agency
CUST0206;Mariam;Traore;F;1997-05-03;Benin;Cotonou;Standard;Gold;2024-03-26;Web
CUST0207;Mariam;Mensah;M;1983-05-08;France;Paris;Business;None;2024-04-10;Mobile App
CUST0208;Amadou;Kouassi;M;1994-09-10;Benin;Cotonou;Standard;None;2023-09-06;Travel Agency
CUST0209;Yao;Sow;M;1990-01-12;Ghana;Accra;Business;None;2024-07-24;Travel Agency
CUST0210;Fatou;Mensah;F;1983-01-25;Nigeria;Lagos;Budget;None;2023-12-23;Corporate Desk
CUST0211;Awa;Sow;M;1993-06-24;Benin;Cotonou;Standard;Gold;2024-11-24;Mobile App
CUST0212;Jean;Amani;F;1977-10-20;Nigeria;Lagos;Business;Explorer;2024-05-01;Travel Agency
CUST0213;Serge;Diallo;M;1971-01-14;Benin;Cotonou;Standard;Gold;2024-08-08;Mobile App
CUST0214;Fatou;Ndiaye;F;1989-08-23;Nigeria;Lagos;Standard;Explorer;2023-12-28;Corporate Desk
CUST0215;Bintou;Ndiaye;M;1985-01-26;France;Paris;Standard;None;2024-07-03;Travel Agency
CUST0216;Amadou;Ndiaye;M;1979-02-27;Ghana;Accra;Standard;Silver;2023-09-06;Travel Agency
CUST0217;Amadou;Konan;F;1968-05-19;Ghana;Accra;Standard;Explorer;2023-11-16;Corporate Desk
CUST0218;Bintou;Ouattara;M;1994-06-02;France;Paris;Standard;None;2023-03-11;Mobile App
CUST0219;Amadou;Amani;M;2000-10-05;Côte d'Ivoire;Abidjan;Premium;Explorer;2024-03-26;Travel Agency
CUST0220;Bintou;Traore;F;1988-06-12;Benin;Cotonou;Business;Explorer;2023-04-24;Travel Agency
CUST0221;Jean;Sow;M;1975-09-10;Benin;Cotonou;Standard;None;2023-07-06;Web
CUST0222;Didier;Ndiaye;F;1987-10-21;Benin;Cotonou;Business;None;2023-01-03;Travel Agency
CUST0223;Serge;Sow;F;1984-07-27;Benin;Cotonou;Standard;Silver;2023-07-21;Mobile App
CUST0224;Bintou;Ndiaye;M;1999-09-05;Nigeria;Lagos;Standard;None;2023-06-10;Web
CUST0225;Koffi;Traore;F;1998-08-27;Côte d'Ivoire;Bouaké;Standard;Silver;2023-03-05;Web
CUST0226;Didier;Amani;F;1980-06-09;Benin;Cotonou;Budget;Explorer;2024-08-19;Web
CUST0227;Yao;Kone;M;1966-01-08;Senegal;Dakar;Standard;Gold;2024-03-26;Web
CUST0228;Yao;Kouassi;F;1967-03-19;France;Paris;Standard;Gold;2024-04-11;Travel Agency
CUST0229;Didier;Mensah;M;1969-04-22;Nigeria;Lagos;Business;Explorer;2024-02-28;Travel Agency
CUST0230;Serge;Kone;F;1980-02-06;Nigeria;Lagos;Standard;None;2023-10-25;Corporate Desk
CUST0231;Jean;Traore;M;1999-07-11;France;Paris;Business;Gold;2024-03-08;Travel Agency
CUST0232;Yao;Ouattara;F;1994-05-12;France;Paris;Standard;None;2023-01-26;Travel Agency
CUST0233;Yao;Diallo;F;1977-05-18;Ghana;Accra;Standard;Explorer;2023-09-03;Mobile App
CUST0234;Jean;Kouassi;M;1989-11-19;Senegal;Dakar;Standard;Explorer;2023-07-29;Mobile App
CUST0235;Aminata;Diallo;M;1993-10-12;Nigeria;Lagos;Standard;Explorer;2023-05-09;Web
CUST0236;Bintou;Traore;M;1989-01-22;Benin;Cotonou;Standard;Explorer;2023-03-30;Mobile App
CUST0237;Jean;Kouassi;F;1969-09-12;Ghana;Accra;Budget;Silver;2023-04-01;Mobile App
CUST0238;Mariam;Ouattara;M;1987-07-28;Senegal;Dakar;Business;Gold;2023-05-16;Travel Agency
CUST0239;Awa;Amani;M;1991-01-22;Ghana;Accra;Standard;Silver;2023-12-27;Web
CUST0240;Fatou;Traore;M;1979-12-22;Ghana;Accra;Standard;Explorer;2024-03-17;Mobile App
CUST0241;Mariam;Ouattara;F;2000-05-21;Senegal;Dakar;Standard;None;2024-05-24;Travel Agency
CUST0242;Aminata;Ndiaye;M;1965-02-27;Nigeria;Lagos;Premium;Gold;2024-08-22;Web
CUST0243;Aminata;Traore;F;1985-04-25;Ghana;Accra;Business;None;2024-02-08;Mobile App
CUST0244;Bintou;Traore;M;1992-08-11;Senegal;Dakar;Standard;Silver;2023-07-30;Corporate Desk
CUST0245;Bintou;Diallo;M;1977-01-23;Benin;Cotonou;Budget;None;2024-10-14;Mobile App
CUST0246;Fatou;Kouassi;F;1975-06-12;France;Paris;Budget;Explorer;2023-05-21;Mobile App
CUST0247;Serge;Kone;M;1980-12-08;Benin;Cotonou;Standard;Explorer;2024-10-18;Travel Agency
CUST0248;Fatou;Diallo;F;1980-06-21;Benin;Cotonou;Standard;Silver;2023-06-23;Mobile App
CUST0249;Nadia;Ouattara;F;1972-12-10;France;Paris;Standard;None;2023-03-03;Travel Agency
CUST0250;Yao;Traore;M;1993-02-06;Senegal;Dakar;Standard;Explorer;2023-10-24;Mobile App
CUST0251;Koffi;Konan;F;1994-08-03;France;Paris;Premium;Explorer;2023-04-22;Corporate Desk
CUST0252;Nadia;Kouassi;M;1965-06-03;Nigeria;Lagos;Standard;Gold;2024-10-30;Travel Agency
CUST0253;Yao;Traore;F;1966-01-25;Benin;Cotonou;Business;None;2023-07-10;Mobile App
CUST0254;Serge;Mensah;M;1989-03-21;Côte d'Ivoire;Bouaké;Standard;Explorer;2024-07-18;Travel Agency
CUST0255;Yao;Konan;F;1971-10-26;Senegal;Dakar;Premium;Gold;2024-05-21;Corporate Desk
CUST0256;Serge;Diallo;M;1970-03-23;Nigeria;Lagos;Budget;Explorer;2024-02-16;Web
CUST0257;Nadia;Kone;F;1978-12-12;Côte d'Ivoire;Abidjan;Budget;Explorer;2024-06-07;Corporate Desk
CUST0258;Fatou;Traore;F;1997-12-14;Ghana;Accra;Budget;None;2023-06-30;Mobile App
CUST0259;Fatou;Konan;M;1987-10-07;Nigeria;Lagos;Budget;None;2024-04-16;Corporate Desk
CUST0260;Aminata;Diallo;M;1970-01-24;France;Paris;Standard;None;2024-08-07;Corporate Desk
CUST0261;Nadia;Diallo;M;1986-09-21;Senegal;Dakar;Business;None;2024-04-03;Web
CUST0262;Aminata;Ndiaye;M;2000-10-14;Ghana;Accra;Standard;Explorer;2024-02-10;Travel Agency
CUST0263;Yao;Diallo;F;2000-12-04;Côte d'Ivoire;Abidjan;Business;None;2023-04-08;Mobile App
CUST0264;Aminata;Mensah;M;1979-09-15;France;Paris;Standard;Silver;2024-06-09;Web
CUST0265;Aminata;Traore;M;1973-09-18;Nigeria;Lagos;Standard;Gold;2024-06-11;Web
CUST0266;Aminata;Ouattara;F;1977-10-16;Nigeria;Lagos;Budget;Silver;2023-02-28;Corporate Desk
CUST0267;Awa;Amani;F;1965-12-20;Ghana;Accra;Standard;None;2023-05-19;Corporate Desk
CUST0268;Didier;Kouassi;F;1987-03-12;Côte d'Ivoire;Yamoussoukro;Business;Silver;2024-11-27;Web
CUST0269;Koffi;Kouassi;M;1997-12-17;Senegal;Dakar;Business;None;2024-09-10;Travel Agency
CUST0270;Jean;Sow;M;1972-01-22;Côte d'Ivoire;Abidjan;Standard;None;2024-04-02;Web
CUST0271;Nadia;Traore;F;1996-02-03;France;Paris;Budget;Explorer;2023-10-24;Corporate Desk
CUST0272;Didier;Mensah;M;1993-01-01;Ghana;Accra;Premium;Explorer;2024-05-10;Web
CUST0273;Koffi;Diallo;M;1995-03-23;Côte d'Ivoire;Bouaké;Standard;Gold;2024-09-17;Web
CUST0274;Jean;Sow;F;1984-03-19;Senegal;Dakar;Standard;Silver;2024-04-23;Travel Agency
CUST0275;Nadia;Ouattara;M;1985-01-11;France;Paris;Standard;None;2024-04-15;Web
CUST0276;Mariam;Diallo;M;1989-05-03;Benin;Cotonou;Standard;Explorer;2024-08-21;Mobile App
CUST0277;Awa;Sow;F;1977-07-21;Benin;Cotonou;Standard;None;2023-09-01;Mobile App
CUST0278;Koffi;Mensah;M;1988-09-28;Benin;Cotonou;Standard;Explorer;2024-02-20;Travel Agency
CUST0279;Serge;Amani;M;1995-09-12;Côte d'Ivoire;Abidjan;Business;Gold;2023-06-04;Mobile App
CUST0280;Awa;Kone;M;1993-07-19;Ghana;Accra;Premium;Explorer;2023-05-28;Travel Agency
CUST0281;Fatou;Mensah;M;1969-04-19;Benin;Cotonou;Standard;None;2023-12-28;Corporate Desk
CUST0282;Serge;Ouattara;F;1996-06-06;Senegal;Dakar;Business;Explorer;2023-06-18;Travel Agency
CUST0283;Serge;Konan;F;1968-07-15;Ghana;Accra;Business;None;2024-05-28;Web
CUST0284;Yao;Konan;F;1968-02-03;Ghana;Accra;Business;None;2023-10-05;Web
CUST0285;Jean;Konan;F;1985-06-28;Benin;Cotonou;Standard;Explorer;2024-11-26;Travel Agency
CUST0286;Awa;Ouattara;F;1970-11-20;Ghana;Accra;Business;Gold;2024-02-14;Travel Agency
CUST0287;Awa;Konan;M;1985-01-14;Nigeria;Lagos;Budget;None;2023-08-04;Mobile App
CUST0288;Koffi;Amani;M;1992-06-18;France;Paris;Business;Explorer;2023-12-05;Mobile App
CUST0289;Didier;Mensah;M;1967-11-10;Benin;Cotonou;Standard;Explorer;2024-06-26;Travel Agency
CUST0290;Fatou;Konan;M;1971-11-26;Ghana;Accra;Budget;Explorer;2024-02-15;Web
CUST0291;Didier;Diallo;F;1968-09-17;Côte d'Ivoire;Abidjan;Standard;None;2024-09-12;Travel Agency
CUST0292;Mariam;Diallo;F;1998-01-12;Benin;Cotonou;Standard;Gold;2023-08-07;Travel Agency
CUST0293;Nadia;Kouassi;M;1966-02-22;Nigeria;Lagos;Budget;Explorer;2024-02-16;Travel Agency
CUST0294;Yao;Ndiaye;M;1991-07-22;Côte d'Ivoire;Yamoussoukro;Business;None;2023-01-22;Travel Agency
CUST0295;Amadou;Kouassi;F;1987-04-11;Benin;Cotonou;Standard;None;2024-05-25;Mobile App
CUST0296;Mariam;Kone;M;1973-05-10;France;Paris;Standard;Explorer;2023-09-13;Mobile App
CUST0297;Aminata;Ndiaye;M;1978-10-02;Senegal;Dakar;Business;Silver;2023-02-17;Corporate Desk
CUST0298;Amadou;Diallo;M;1966-02-05;Ghana;Accra;Budget;None;2024-05-29;Travel Agency
CUST0299;Mariam;Kone;M;1970-07-11;Côte d'Ivoire;Yamoussoukro;Premium;Silver;2023-12-10;Web
CUST0300;Yao;Kouassi;F;1967-03-17;France;Paris;Standard;Silver;2023-01-21;Web
